
/* Datos de distritos */
INSERT INTO Distrito(ID_distrito, nombre, provincia, region, disponible) VALUES(1, 'Lima', 'Lima', 'Lima', 1);
INSERT INTO Distrito(ID_distrito, nombre, provincia, region, disponible) VALUES(2, 'Ancón', 'Lima', 'Lima', 0);
INSERT INTO Distrito(ID_distrito, nombre, provincia, region, disponible) VALUES(3, 'Ate', 'Lima', 'Lima', 1);
INSERT INTO Distrito(ID_distrito, nombre, provincia, region, disponible) VALUES(4, 'Barranco', 'Lima', 'Lima', 1);
INSERT INTO Distrito(ID_distrito, nombre, provincia, region, disponible) VALUES(5, 'Breña', 'Lima', 'Lima', 1);
INSERT INTO Distrito(ID_distrito, nombre, provincia, region, disponible) VALUES(6, 'Carabayllo', 'Lima', 'Lima', 0);
INSERT INTO Distrito(ID_distrito, nombre, provincia, region, disponible) VALUES(7, 'Chaclacayo', 'Lima', 'Lima', 0);
INSERT INTO Distrito(ID_distrito, nombre, provincia, region, disponible) VALUES(8, 'Chorrillos', 'Lima', 'Lima', 1);
INSERT INTO Distrito(ID_distrito, nombre, provincia, region, disponible) VALUES(9, 'Cienieguilla', 'Lima', 'Lima', 0);
INSERT INTO Distrito(ID_distrito, nombre, provincia, region, disponible) VALUES(10, 'Comas', 'Lima', 'Lima', 0);
INSERT INTO Distrito(ID_distrito, nombre, provincia, region, disponible) VALUES(11, 'El Agustino', 'Lima', 'Lima', 1);
INSERT INTO Distrito(ID_distrito, nombre, provincia, region, disponible) VALUES(12, 'Independencia', 'Lima', 'Lima', 1);
INSERT INTO Distrito(ID_distrito, nombre, provincia, region, disponible) VALUES(13, 'Jesus María', 'Lima', 'Lima', 1);
INSERT INTO Distrito(ID_distrito, nombre, provincia, region, disponible) VALUES(14, 'La Molina', 'Lima', 'Lima', 1);
INSERT INTO Distrito(ID_distrito, nombre, provincia, region, disponible) VALUES(15, 'La Victoria', 'Lima', 'Lima', 1);
INSERT INTO Distrito(ID_distrito, nombre, provincia, region, disponible) VALUES(16, 'Lince', 'Lima', 'Lima', 1);
INSERT INTO Distrito(ID_distrito, nombre, provincia, region, disponible) VALUES(17, 'Los Olivos', 'Lima', 'Lima', 1);
INSERT INTO Distrito(ID_distrito, nombre, provincia, region, disponible) VALUES(18, 'Lurigancho', 'Lima', 'Lima', 0);
INSERT INTO Distrito(ID_distrito, nombre, provincia, region, disponible) VALUES(19, 'Lurín', 'Lima', 'Lima', 0);
INSERT INTO Distrito(ID_distrito, nombre, provincia, region, disponible) VALUES(20, 'Magdalena del Mar', 'Lima', 'Lima', 1);
INSERT INTO Distrito(ID_distrito, nombre, provincia, region, disponible) VALUES(21, 'Miraflores', 'Lima', 'Lima', 1);
INSERT INTO Distrito(ID_distrito, nombre, provincia, region, disponible) VALUES(22, 'Pachacámac', 'Lima', 'Lima', 0);
INSERT INTO Distrito(ID_distrito, nombre, provincia, region, disponible) VALUES(23, 'Pucusana', 'Lima', 'Lima', 0);
INSERT INTO Distrito(ID_distrito, nombre, provincia, region, disponible) VALUES(24, 'Pueblo Libre', 'Lima', 'Lima', 1);
INSERT INTO Distrito(ID_distrito, nombre, provincia, region, disponible) VALUES(25, 'Puente Piedra', 'Lima', 'Lima', 0);
INSERT INTO Distrito(ID_distrito, nombre, provincia, region, disponible) VALUES(26, 'Punta Hermosa', 'Lima', 'Lima', 0);
INSERT INTO Distrito(ID_distrito, nombre, provincia, region, disponible) VALUES(27, 'Punta Negra', 'Lima', 'Lima', 0);
INSERT INTO Distrito(ID_distrito, nombre, provincia, region, disponible) VALUES(28, 'Rímac', 'Lima', 'Lima', 0);
INSERT INTO Distrito(ID_distrito, nombre, provincia, region, disponible) VALUES(29, 'San Bartolo', 'Lima', 'Lima', 0);
INSERT INTO Distrito(ID_distrito, nombre, provincia, region, disponible) VALUES(30, 'San Borja', 'Lima', 'Lima', 1);
INSERT INTO Distrito(ID_distrito, nombre, provincia, region, disponible) VALUES(31, 'San Isidro', 'Lima', 'Lima', 1);
INSERT INTO Distrito(ID_distrito, nombre, provincia, region, disponible) VALUES(32, 'San Juan de Lurigancho', 'Lima', 'Lima', 0);
INSERT INTO Distrito(ID_distrito, nombre, provincia, region, disponible) VALUES(33, 'San Juan de Miraflores', 'Lima', 'Lima', 0);
INSERT INTO Distrito(ID_distrito, nombre, provincia, region, disponible) VALUES(34, 'San Luis', 'Lima', 'Lima', 1);
INSERT INTO Distrito(ID_distrito, nombre, provincia, region, disponible) VALUES(35, 'San Martín de Porres', 'Lima', 'Lima', 1);
INSERT INTO Distrito(ID_distrito, nombre, provincia, region, disponible) VALUES(36, 'San Miguel', 'Lima', 'Lima', 1);
INSERT INTO Distrito(ID_distrito, nombre, provincia, region, disponible) VALUES(37, 'Santa Anita', 'Lima', 'Lima', 0);
INSERT INTO Distrito(ID_distrito, nombre, provincia, region, disponible) VALUES(38, 'Santa María del Mar', 'Lima', 'Lima', 0);
INSERT INTO Distrito(ID_distrito, nombre, provincia, region, disponible) VALUES(39, 'Santa Rosa', 'Lima', 'Lima', 0);
INSERT INTO Distrito(ID_distrito, nombre, provincia, region, disponible) VALUES(40, 'Santiago de Surco', 'Lima', 'Lima', 1);
INSERT INTO Distrito(ID_distrito, nombre, provincia, region, disponible) VALUES(41, 'Surquillo', 'Lima', 'Lima', 1);
INSERT INTO Distrito(ID_distrito, nombre, provincia, region, disponible) VALUES(42, 'Villa El Salvador', 'Lima', 'Lima', 0);
INSERT INTO Distrito(ID_distrito, nombre, provincia, region, disponible) VALUES(43, 'Villa María del Triunfo', 'Lima', 'Lima', 0);
INSERT INTO Distrito(ID_distrito, nombre, provincia, region, disponible) VALUES(44, 'Callao', 'Callao', 'Callao', 1);
INSERT INTO Distrito(ID_distrito, nombre, provincia, region, disponible) VALUES(45, 'Bellavista', 'Callao', 'Callao', 1);
INSERT INTO Distrito(ID_distrito, nombre, provincia, region, disponible) VALUES(46, 'Carmen de La Legua Reynoso', 'Callao', 'Callao', 0);
INSERT INTO Distrito(ID_distrito, nombre, provincia, region, disponible) VALUES(47, 'La Perla', 'Callao', 'Callao', 1);
INSERT INTO Distrito(ID_distrito, nombre, provincia, region, disponible) VALUES(48, 'La Punta', 'Callao', 'Callao', 1);
INSERT INTO Distrito(ID_distrito, nombre, provincia, region, disponible) VALUES(49, 'Ventanilla', 'Callao', 'Callao', 0);
INSERT INTO Distrito(ID_distrito, nombre, provincia, region, disponible) VALUES(50, 'Mi Perú', 'Callao', 'Callao', 0);

/* Ejemplos de datos de clientes */
INSERT INTO Cliente (ID_cliente, nombre_completo, email, celular) VALUES(1, 'Paolo Bejarano', 'paolobejarano@mail.com', '983776344');
INSERT INTO Cliente (ID_cliente, nombre_completo, email, celular) VALUES(2, 'Claudia Padilla', 'claudiapadilla@mail.com', '987263827');
INSERT INTO Cliente (ID_cliente, nombre_completo, email, celular) VALUES(3, 'Valeria Orme','valeriaorme@mail.com', '927736543');
INSERT INTO Cliente (ID_cliente, nombre_completo, email, celular) VALUES(4, 'Kathy Barrantes','kathybarrantes@mail.com', '928738621');
INSERT INTO Cliente (ID_cliente, nombre_completo, email, celular) VALUES(5, 'Mishelle Murrugarra','mishellemurrugarra@mail.com', '996232111');
INSERT INTO Cliente (ID_cliente, nombre_completo, email, celular) VALUES(6, 'Oscar Rivas','oscarrivas@mail.com', '928726354');
INSERT INTO Cliente (ID_cliente, nombre_completo, email, celular) VALUES(7, 'Manuel Aguilar','manuelaguilar@mail.com', '992837473');
INSERT INTO Cliente (ID_cliente, nombre_completo, email, celular) VALUES(8, 'Alvaro Cardenas','alvarocardenas@mail.com', '961107431');
INSERT INTO Cliente (ID_cliente, nombre_completo, email, celular) VALUES(9, 'Renato Palomino','renatopalomino@mail.com', '987123456');
INSERT INTO Cliente (ID_cliente, nombre_completo, email, celular) VALUES(10, 'Francisco Nieto','francisconieto@mail.com', '917625344');
INSERT INTO Cliente (ID_cliente, nombre_completo, email, celular) VALUES(11, 'Luis Cacho','luiscacho@mail.com', '997265354');
INSERT INTO Cliente (ID_cliente, nombre_completo, email, celular) VALUES(12, 'Juan Barrientos','juanbarrientos@mail.com', '989727643');
INSERT INTO Cliente (ID_cliente, nombre_completo, email, celular) VALUES(13, 'Ivan Klinkovich', 'ivanklinjovich@mail.com', '998734465');
INSERT INTO Cliente (ID_cliente, nombre_completo, email, celular) VALUES(14, 'Sebastian Ramos', 'sebastianramos@mail.com', '994885632');
INSERT INTO Cliente (ID_cliente, nombre_completo, email, celular) VALUES(15, 'Fernando Rhor', 'fernandorhor@mail.com', '987121343');
INSERT INTO Cliente (ID_cliente, nombre_completo, email, celular) VALUES(16, 'Eduardo Landa', 'eduardolanda@mail.com', '988726333');
INSERT INTO Cliente (ID_cliente, nombre_completo, email, celular) VALUES(17, 'Franco Sanchez', 'francosanchez@mail.com', '993242554');

/* Ejemplos de direcciones */
INSERT INTO Direccion(ID_direccion, direccion, referencias, id_distrito, id_cliente) VALUES(1, 'Av. Las Leyendas 264 Dpto. 701', 'Al frente de Metro de La Marina', 36, 1);
INSERT INTO Direccion(ID_direccion, direccion, referencias, id_distrito, id_cliente) VALUES(2, 'Av. Victor Andres Belaunde 147, Via Real 133, Edificio Real Dos', 'Edifico de colores', 31, 1);
INSERT INTO Direccion(ID_direccion, direccion, referencias, id_distrito, id_cliente) VALUES(3, 'Av. Pezet 1310 Dpto. 301', 'Al frente del Golf Club', 31, 2);
INSERT INTO Direccion(ID_direccion, direccion, referencias, id_distrito, id_cliente) VALUES(4, 'Av. Benavides 2210 Oficina 201', 'A 3 cuadras de Paseo de la República', 21, 3);
INSERT INTO Direccion(ID_direccion, direccion, referencias, id_distrito, id_cliente) VALUES(5, 'Av. San Felipe 1701 Dpto. 503', 'A 2 cuadras del Canal 2', 13, 4);
INSERT INTO Direccion(ID_direccion, direccion, referencias, id_distrito, id_cliente) VALUES(6, 'Av. Jose Pardo 201 Dpto. 303', 'A 2 cuadras del óvalo de Av. Ejercito', 21, 5);

/* Ejemplo de trabajdores */
INSERT INTO Trabajador(ID_trabajador, dni, nombres, apellidos, contacto_de_emergencia) VALUES(1, '29506272', 'Maritza', 'Soria', 'Julissa Soria (Hermana) 932 837 433');
INSERT INTO Trabajador(ID_trabajador, dni, nombres, apellidos, contacto_de_emergencia) VALUES(2, '20526343', 'Alejandra', 'Valera', 'Pia ');
INSERT INTO Trabajador(ID_trabajador, dni, nombres, apellidos, contacto_de_emergencia) VALUES(3, '01987266', 'Emma', 'Rodriguez', '');
INSERT INTO Trabajador(ID_trabajador, dni, nombres, apellidos, contacto_de_emergencia) VALUES(4, '01229867', 'Nelly', 'Arellano', '');
INSERT INTO Trabajador(ID_trabajador, dni, nombres, apellidos, contacto_de_emergencia) VALUES(5, '29304353', 'Maria Paola', 'Delgado', '');

/* Ejemplo de proveedores */
INSERT INTO Proveedor(ID_proveedor, RUC, razon_social, email, celular) VALUES(1, '11726354546', 'Distribuidora de productos de limpieza del Peru S.A.C.', 'ventas@productosdelimpieza.pe', '987262534');
INSERT INTO Proveedor(ID_proveedor, RUC, razon_social, email, celular) VALUES(2, '11265353461', 'Distribuidora de químicos en lima E.I.R.L.', 'ventas@quimicoslima.pe', '997625353');

/* Ejemplo de productos */
INSERT INTO Producto(ID_producto, nombre, presentacion, stock_disponible, precio_de_venta) VALUES (1, 'Limpiador polvo y brillo', '300 ml', 5, 46.9);
INSERT INTO Producto(ID_producto, nombre, presentacion, stock_disponible, precio_de_venta) VALUES (2, '25 Bolsas de Basura Negras', 'unidad', 10, 46.9);
INSERT INTO Producto(ID_producto, nombre, presentacion, stock_disponible, precio_de_venta) VALUES (3, 'Limpiador de tapicería Saca Manchas', 'Frasco 300ml', 15, 37.60);
INSERT INTO Producto(ID_producto, nombre, presentacion, stock_disponible, precio_de_venta) VALUES (4, 'Detergente Líquido con Jabón Natural', 'Envase 5L', 14, 37.60);
INSERT INTO Producto(ID_producto, nombre, presentacion, stock_disponible, precio_de_venta) VALUES (5, 'Detergente Líquido con Aloe Vera', 'Envase 5L', 20, 33.70);
INSERT INTO Producto(ID_producto, nombre, presentacion, stock_disponible, precio_de_venta) VALUES (6, 'Detergente Bebé', 'Envase 2L', 22, 33.70);
INSERT INTO Producto(ID_producto, nombre, presentacion, stock_disponible, precio_de_venta) VALUES (7, 'Detergente Jabón Natural', 'Envase 2L', 10, 36.5);
INSERT INTO Producto(ID_producto, nombre, presentacion, stock_disponible, precio_de_venta) VALUES (8, 'Detergente Líquido Wash', 'Envase 2L', 25, 36.5);
INSERT INTO Producto(ID_producto, nombre, presentacion, stock_disponible, precio_de_venta) VALUES (9, 'Detergente en polvo', 'Envase 2kg', 20, 47.90);
INSERT INTO Producto(ID_producto, nombre, presentacion, stock_disponible, precio_de_venta) VALUES (10, 'Detergente en polvo', 'Envase 4kg', 30, 35.90);
INSERT INTO Producto(ID_producto, nombre, presentacion, stock_disponible, precio_de_venta) VALUES (11, 'Detergente en polvo', 'Envase 5.8kg', 5, 47.90);
INSERT INTO Producto(ID_producto, nombre, presentacion, stock_disponible, precio_de_venta) VALUES (12, 'Detergente en polvo con un toque de Downy', 'Envase 4kg', 30, 40.90);
INSERT INTO Producto(ID_producto, nombre, presentacion, stock_disponible, precio_de_venta) VALUES (13, 'Detergente en polvo Ultra Blanqueador', 'Envase 4kg', 15, 40.90);
INSERT INTO Producto(ID_producto, nombre, presentacion, stock_disponible, precio_de_venta) VALUES (14, 'Detergente en polvo con perlas limpiadoras', 'Envase 2kg', 10, 22.90);
INSERT INTO Producto(ID_producto, nombre, presentacion, stock_disponible, precio_de_venta) VALUES (15, 'Detergente en polvo con un toque de Downy', 'Envase 2kg', 15, 21.50);
INSERT INTO Producto(ID_producto, nombre, presentacion, stock_disponible, precio_de_venta) VALUES (16, 'Detergente líquido concentrado', 'Envase 1200ml', 10, 25.90;
INSERT INTO Producto(ID_producto, nombre, presentacion, stock_disponible, precio_de_venta) VALUES (17, 'Detergente líquido concentrado', 'Envase 2L', 5, 43.90);
INSERT INTO Producto(ID_producto, nombre, presentacion, stock_disponible, precio_de_venta) VALUES (18, 'Detergente en Polvo Aroma Floral', 'Envase 4.5kg', 1, 37.00);
INSERT INTO Producto(ID_producto, nombre, presentacion, stock_disponible, precio_de_venta) VALUES (19, 'Quitamanchas líquido', 'Frasco 850ml', 11, 6.9);
INSERT INTO Producto(ID_producto, nombre, presentacion, stock_disponible, precio_de_venta) VALUES (20, 'Suavizante Tela Aroma Floral', 'Botella 5L', 20, 36.50);
INSERT INTO Producto(ID_producto, nombre, presentacion, stock_disponible, precio_de_venta) VALUES (21, 'Limpiador Líquido Baños', 'Envase 450ml', 17, 6.7);
INSERT INTO Producto(ID_producto, nombre, presentacion, stock_disponible, precio_de_venta) VALUES (22, 'Limpiardor Líquido Baños Antihongos', 'Envase 450ml', 15, 7.7);
INSERT INTO Producto(ID_producto, nombre, presentacion, stock_disponible, precio_de_venta) VALUES (23, 'Limpiador Líquido Baños Cocina Antibacterial', 'Envase 500ml', 18, 15.8);
INSERT INTO Producto(ID_producto, nombre, presentacion, stock_disponible, precio_de_venta) VALUES (24, 'Limpiador Crema Original con Macropartículas', 'Envase 375g', 10, 6.20);
INSERT INTO Producto(ID_producto, nombre, presentacion, stock_disponible, precio_de_venta) VALUES (25, 'Limpiador Líquido Antigrasa Superficies', 'Envase 500ml', 10, 12.5);
INSERT INTO Producto(ID_producto, nombre, presentacion, stock_disponible, precio_de_venta) VALUES (26, 'Limpiador líquido vidrios y superficies delicadas', 'Envase 500ml', 20, 6.6);
INSERT INTO Producto(ID_producto, nombre, presentacion, stock_disponible, precio_de_venta) VALUES (27, 'Desinfectante para baños', 'Frasco 500ml', 5, 14.5);
INSERT INTO Producto(ID_producto, nombre, presentacion, stock_disponible, precio_de_venta) VALUES (28, 'Protector Pisos de Madera', 'Frasco 700ml', 5, 26.9);
INSERT INTO Producto(ID_producto, nombre, presentacion, stock_disponible, precio_de_venta) VALUES (29, 'Limpiador para pantalla LCD y plasma', 'Frasco 240ml', 10, 17.9);
INSERT INTO Producto(ID_producto, nombre, presentacion, stock_disponible, precio_de_venta) VALUES (30, 'Limpiador para alfombras', 'Frasco 600ml', 10, 23.5);
INSERT INTO Producto(ID_producto, nombre, presentacion, stock_disponible, precio_de_venta) VALUES (31, 'Lejía Aroma Lavanda', 'Envase 2L', 25, 5.2);
INSERT INTO Producto(ID_producto, nombre, presentacion, stock_disponible, precio_de_venta) VALUES (32, 'Lejía Aroma Limón', 'Envase 2L', 15, 5.2);
INSERT INTO Producto(ID_producto, nombre, presentacion, stock_disponible, precio_de_venta) VALUES (33, 'Lejía Tradicional', 'Envase 4L', 5, 7.9);
INSERT INTO Producto(ID_producto, nombre, presentacion, stock_disponible, precio_de_venta) VALUES (34, 'Lejía Aroma Bebé', 'Envase 2L', 0, 5.2);
INSERT INTO Producto(ID_producto, nombre, presentacion, stock_disponible, precio_de_venta) VALUES (35, 'Limpia Inodoro', 'Frasco 500ml', 10, 8.5);
INSERT INTO Producto(ID_producto, nombre, presentacion, stock_disponible, precio_de_venta) VALUES (36, 'Paño absorbente', 'Paquete 8 unidades', 20, 12.1);
INSERT INTO Producto(ID_producto, nombre, presentacion, stock_disponible, precio_de_venta) VALUES (37, 'Guantes multiusos', 'Unidad', 15, 5.0);
INSERT INTO Producto(ID_producto, nombre, presentacion, stock_disponible, precio_de_venta) VALUES (38, 'Esponja 2 en 1', 'Pack 1 unidad', 5, 5.5);
INSERT INTO Producto(ID_producto, nombre, presentacion, stock_disponible, precio_de_venta) VALUES (39, 'Toallitas húmedas desinfectantes limón', 'Frasco 35 unidades', 10, 17.8);
INSERT INTO Producto(ID_producto, nombre, presentacion, stock_disponible, precio_de_venta) VALUES (40, '', '', 0, );
INSERT INTO Producto(ID_producto, nombre, presentacion, stock_disponible, precio_de_venta) VALUES (41, '', '', 0, );
INSERT INTO Producto(ID_producto, nombre, presentacion, stock_disponible, precio_de_venta) VALUES (42, '', '', 0, );
INSERT INTO Producto(ID_producto, nombre, presentacion, stock_disponible, precio_de_venta) VALUES (43, '', '', 0, );
INSERT INTO Producto(ID_producto, nombre, presentacion, stock_disponible, precio_de_venta) VALUES (44, '', '', 0, );
INSERT INTO Producto(ID_producto, nombre, presentacion, stock_disponible, precio_de_venta) VALUES (45, '', '', 0, );
INSERT INTO Producto(ID_producto, nombre, presentacion, stock_disponible, precio_de_venta) VALUES (46, '', '', 0, );
INSERT INTO Producto(ID_producto, nombre, presentacion, stock_disponible, precio_de_venta) VALUES (47, '', '', 0, );
INSERT INTO Producto(ID_producto, nombre, presentacion, stock_disponible, precio_de_venta) VALUES (48, '', '', 0, );
INSERT INTO Producto(ID_producto, nombre, presentacion, stock_disponible, precio_de_venta) VALUES (49, '', '', 0, );
INSERT INTO Producto(ID_producto, nombre, presentacion, stock_disponible, precio_de_venta) VALUES (50, '', '', 0, );
INSERT INTO Producto(ID_producto, nombre, presentacion, stock_disponible, precio_de_venta) VALUES (51, '', '', 0, );
INSERT INTO Producto(ID_producto, nombre, presentacion, stock_disponible, precio_de_venta) VALUES (52, '', '', 0, );
INSERT INTO Producto(ID_producto, nombre, presentacion, stock_disponible, precio_de_venta) VALUES (53, '', '', 0, );
INSERT INTO Producto(ID_producto, nombre, presentacion, stock_disponible, precio_de_venta) VALUES (54, '', '', 0, );
INSERT INTO Producto(ID_producto, nombre, presentacion, stock_disponible, precio_de_venta) VALUES (55, '', '', 0, );


INSERT INTO Proveedor_por_producto(ID_proveedor_por_producto, ID_proveedor, ID_producto) VALUES(1, 1, 1);
INSERT INTO Proveedor_por_producto(ID_proveedor_por_producto, ID_proveedor, ID_producto) VALUES(2, 1, 2);
INSERT INTO Proveedor_por_producto(ID_proveedor_por_producto, ID_proveedor, ID_producto) VALUES(3, 1, 3);
INSERT INTO Proveedor_por_producto(ID_proveedor_por_producto, ID_proveedor, ID_producto) VALUES(4, 1, 4);
INSERT INTO Proveedor_por_producto(ID_proveedor_por_producto, ID_proveedor, ID_producto) VALUES(5, 1, 5);
INSERT INTO Proveedor_por_producto(ID_proveedor_por_producto, ID_proveedor, ID_producto) VALUES(6, 1, 6);
INSERT INTO Proveedor_por_producto(ID_proveedor_por_producto, ID_proveedor, ID_producto) VALUES(7, 1, 7);
INSERT INTO Proveedor_por_producto(ID_proveedor_por_producto, ID_proveedor, ID_producto) VALUES(8, 1, 8);
INSERT INTO Proveedor_por_producto(ID_proveedor_por_producto, ID_proveedor, ID_producto) VALUES(9, 1, 9);
INSERT INTO Proveedor_por_producto(ID_proveedor_por_producto, ID_proveedor, ID_producto) VALUES(10, 1, 10);
INSERT INTO Proveedor_por_producto(ID_proveedor_por_producto, ID_proveedor, ID_producto) VALUES(11, 1, 11);
INSERT INTO Proveedor_por_producto(ID_proveedor_por_producto, ID_proveedor, ID_producto) VALUES(12, 1, 12);
INSERT INTO Proveedor_por_producto(ID_proveedor_por_producto, ID_proveedor, ID_producto) VALUES(13, 1, 13);
INSERT INTO Proveedor_por_producto(ID_proveedor_por_producto, ID_proveedor, ID_producto) VALUES(14, 1, 14);
INSERT INTO Proveedor_por_producto(ID_proveedor_por_producto, ID_proveedor, ID_producto) VALUES(15, 1, 15);
INSERT INTO Proveedor_por_producto(ID_proveedor_por_producto, ID_proveedor, ID_producto) VALUES(16, 2, 1);
INSERT INTO Proveedor_por_producto(ID_proveedor_por_producto, ID_proveedor, ID_producto) VALUES(17, 2, 3);
INSERT INTO Proveedor_por_producto(ID_proveedor_por_producto, ID_proveedor, ID_producto) VALUES(18, 2, 5);
INSERT INTO Proveedor_por_producto(ID_proveedor_por_producto, ID_proveedor, ID_producto) VALUES(19, 2, 7);
INSERT INTO Proveedor_por_producto(ID_proveedor_por_producto, ID_proveedor, ID_producto) VALUES(20, 2, 8);
INSERT INTO Proveedor_por_producto(ID_proveedor_por_producto, ID_proveedor, ID_producto) VALUES(21, 2, 9);
INSERT INTO Proveedor_por_producto(ID_proveedor_por_producto, ID_proveedor, ID_producto) VALUES(22, 2, 10);
INSERT INTO Proveedor_por_producto(ID_proveedor_por_producto, ID_proveedor, ID_producto) VALUES(23, 2, 13);
INSERT INTO Proveedor_por_producto(ID_proveedor_por_producto, ID_proveedor, ID_producto) VALUES(24, 2, 14);
INSERT INTO Proveedor_por_producto(ID_proveedor_por_producto, ID_proveedor, ID_producto) VALUES(24, 2, 15);
