/* Datos de distritos */
INSERT INTO Distrito(ID_distrito, nombre, provincia, region, disponible) VALUES(1, 'Lima', 'Lima', 'Lima', 1);
INSERT INTO Distrito(ID_distrito, nombre, provincia, region, disponible) VALUES(2, 'Ancón', 'Lima', 'Lima', 0);
INSERT INTO Distrito(ID_distrito, nombre, provincia, region, disponible) VALUES(3, 'Ate', 'Lima', 'Lima', 1);
INSERT INTO Distrito(ID_distrito, nombre, provincia, region, disponible) VALUES(4, 'Barranco', 'Lima', 'Lima', 1);
INSERT INTO Distrito(ID_distrito, nombre, provincia, region, disponible) VALUES(5, 'Breña', 'Lima', 'Lima', 1);
INSERT INTO Distrito(ID_distrito, nombre, provincia, region, disponible) VALUES(6, 'Carabayllo', 'Lima', 'Lima', 0);
INSERT INTO Distrito(ID_distrito, nombre, provincia, region, disponible) VALUES(7, 'Chaclacayo', 'Lima', 'Lima', 0);
INSERT INTO Distrito(ID_distrito, nombre, provincia, region, disponible) VALUES(8, 'Chorrillos', 'Lima', 'Lima', 1);
INSERT INTO Distrito(ID_distrito, nombre, provincia, region, disponible) VALUES(9, 'Cienieguilla', 'Lima', 'Lima', 0);
INSERT INTO Distrito(ID_distrito, nombre, provincia, region, disponible) VALUES(10, 'Comas', 'Lima', 'Lima', 0);
INSERT INTO Distrito(ID_distrito, nombre, provincia, region, disponible) VALUES(11, 'El Agustino', 'Lima', 'Lima', 1);
INSERT INTO Distrito(ID_distrito, nombre, provincia, region, disponible) VALUES(12, 'Independencia', 'Lima', 'Lima', 1);
INSERT INTO Distrito(ID_distrito, nombre, provincia, region, disponible) VALUES(13, 'Jesus María', 'Lima', 'Lima', 1);
INSERT INTO Distrito(ID_distrito, nombre, provincia, region, disponible) VALUES(14, 'La Molina', 'Lima', 'Lima', 1);
INSERT INTO Distrito(ID_distrito, nombre, provincia, region, disponible) VALUES(15, 'La Victoria', 'Lima', 'Lima', 1);
INSERT INTO Distrito(ID_distrito, nombre, provincia, region, disponible) VALUES(16, 'Lince', 'Lima', 'Lima', 1);
INSERT INTO Distrito(ID_distrito, nombre, provincia, region, disponible) VALUES(17, 'Los Olivos', 'Lima', 'Lima', 1);
INSERT INTO Distrito(ID_distrito, nombre, provincia, region, disponible) VALUES(18, 'Lurigancho', 'Lima', 'Lima', 0);
INSERT INTO Distrito(ID_distrito, nombre, provincia, region, disponible) VALUES(19, 'Lurín', 'Lima', 'Lima', 0);
INSERT INTO Distrito(ID_distrito, nombre, provincia, region, disponible) VALUES(20, 'Magdalena del Mar', 'Lima', 'Lima', 1);
INSERT INTO Distrito(ID_distrito, nombre, provincia, region, disponible) VALUES(21, 'Miraflores', 'Lima', 'Lima', 1);
INSERT INTO Distrito(ID_distrito, nombre, provincia, region, disponible) VALUES(22, 'Pachacámac', 'Lima', 'Lima', 0);
INSERT INTO Distrito(ID_distrito, nombre, provincia, region, disponible) VALUES(23, 'Pucusana', 'Lima', 'Lima', 0);
INSERT INTO Distrito(ID_distrito, nombre, provincia, region, disponible) VALUES(24, 'Pueblo Libre', 'Lima', 'Lima', 1);
INSERT INTO Distrito(ID_distrito, nombre, provincia, region, disponible) VALUES(25, 'Puente Piedra', 'Lima', 'Lima', 0);
INSERT INTO Distrito(ID_distrito, nombre, provincia, region, disponible) VALUES(26, 'Punta Hermosa', 'Lima', 'Lima', 0);
INSERT INTO Distrito(ID_distrito, nombre, provincia, region, disponible) VALUES(27, 'Punta Negra', 'Lima', 'Lima', 0);
INSERT INTO Distrito(ID_distrito, nombre, provincia, region, disponible) VALUES(28, 'Rímac', 'Lima', 'Lima', 0);
INSERT INTO Distrito(ID_distrito, nombre, provincia, region, disponible) VALUES(29, 'San Bartolo', 'Lima', 'Lima', 0);
INSERT INTO Distrito(ID_distrito, nombre, provincia, region, disponible) VALUES(30, 'San Borja', 'Lima', 'Lima', 1);
INSERT INTO Distrito(ID_distrito, nombre, provincia, region, disponible) VALUES(31, 'San Isidro', 'Lima', 'Lima', 1);
INSERT INTO Distrito(ID_distrito, nombre, provincia, region, disponible) VALUES(32, 'San Juan de Lurigancho', 'Lima', 'Lima', 0);
INSERT INTO Distrito(ID_distrito, nombre, provincia, region, disponible) VALUES(33, 'San Juan de Miraflores', 'Lima', 'Lima', 0);
INSERT INTO Distrito(ID_distrito, nombre, provincia, region, disponible) VALUES(34, 'San Luis', 'Lima', 'Lima', 1);
INSERT INTO Distrito(ID_distrito, nombre, provincia, region, disponible) VALUES(35, 'San Martín de Porres', 'Lima', 'Lima', 1);
INSERT INTO Distrito(ID_distrito, nombre, provincia, region, disponible) VALUES(36, 'San Miguel', 'Lima', 'Lima', 1);
INSERT INTO Distrito(ID_distrito, nombre, provincia, region, disponible) VALUES(37, 'Santa Anita', 'Lima', 'Lima', 0);
INSERT INTO Distrito(ID_distrito, nombre, provincia, region, disponible) VALUES(38, 'Santa María del Mar', 'Lima', 'Lima', 0);
INSERT INTO Distrito(ID_distrito, nombre, provincia, region, disponible) VALUES(39, 'Santa Rosa', 'Lima', 'Lima', 0);
INSERT INTO Distrito(ID_distrito, nombre, provincia, region, disponible) VALUES(40, 'Santiago de Surco', 'Lima', 'Lima', 1);
INSERT INTO Distrito(ID_distrito, nombre, provincia, region, disponible) VALUES(41, 'Surquillo', 'Lima', 'Lima', 1);
INSERT INTO Distrito(ID_distrito, nombre, provincia, region, disponible) VALUES(42, 'Villa El Salvador', 'Lima', 'Lima', 0);
INSERT INTO Distrito(ID_distrito, nombre, provincia, region, disponible) VALUES(43, 'Villa María del Triunfo', 'Lima', 'Lima', 0);
INSERT INTO Distrito(ID_distrito, nombre, provincia, region, disponible) VALUES(44, 'Callao', 'Callao', 'Callao', 1);
INSERT INTO Distrito(ID_distrito, nombre, provincia, region, disponible) VALUES(45, 'Bellavista', 'Callao', 'Callao', 1);
INSERT INTO Distrito(ID_distrito, nombre, provincia, region, disponible) VALUES(46, 'Carmen de La Legua Reynoso', 'Callao', 'Callao', 0);
INSERT INTO Distrito(ID_distrito, nombre, provincia, region, disponible) VALUES(47, 'La Perla', 'Callao', 'Callao', 1);
INSERT INTO Distrito(ID_distrito, nombre, provincia, region, disponible) VALUES(48, 'La Punta', 'Callao', 'Callao', 1);
INSERT INTO Distrito(ID_distrito, nombre, provincia, region, disponible) VALUES(49, 'Ventanilla', 'Callao', 'Callao', 0);
INSERT INTO Distrito(ID_distrito, nombre, provincia, region, disponible) VALUES(50, 'Mi Perú', 'Callao', 'Callao', 0);

/* Ejemplos de datos de clientes */
INSERT INTO Cliente (ID_cliente, nombre_completo, email, celular) VALUES(1, 'Paolo Bejarano', 'paolobejarano@mail.com', '983776344');
INSERT INTO Cliente (ID_cliente, nombre_completo, email, celular) VALUES(2, 'Claudia Padilla', 'claudiapadilla@mail.com', '987263827');
INSERT INTO Cliente (ID_cliente, nombre_completo, email, celular) VALUES(3, 'Valeria Orme','valeriaorme@mail.com', '927736543');
INSERT INTO Cliente (ID_cliente, nombre_completo, email, celular) VALUES(4, 'Kathy Barrantes','kathybarrantes@mail.com', '928738621');
INSERT INTO Cliente (ID_cliente, nombre_completo, email, celular) VALUES(5, 'Mishelle Murrugarra','mishellemurrugarra@mail.com', '996232111');
INSERT INTO Cliente (ID_cliente, nombre_completo, email, celular) VALUES(6, 'Oscar Rivas','oscarrivas@mail.com', '928726354');
INSERT INTO Cliente (ID_cliente, nombre_completo, email, celular) VALUES(7, 'Manuel Aguilar','manuelaguilar@mail.com', '992837473');
INSERT INTO Cliente (ID_cliente, nombre_completo, email, celular) VALUES(8, 'Alvaro Cardenas','alvarocardenas@mail.com', '961107431');
INSERT INTO Cliente (ID_cliente, nombre_completo, email, celular) VALUES(9, 'Renato Palomino','renatopalomino@mail.com', '987123456');
INSERT INTO Cliente (ID_cliente, nombre_completo, email, celular) VALUES(10, 'Francisco Nieto','francisconieto@mail.com', '917625344');
INSERT INTO Cliente (ID_cliente, nombre_completo, email, celular) VALUES(11, 'Luis Cacho','luiscacho@mail.com', '997265354');
INSERT INTO Cliente (ID_cliente, nombre_completo, email, celular) VALUES(12, 'Juan Barrientos','juanbarrientos@mail.com', '989727643');
INSERT INTO Cliente (ID_cliente, nombre_completo, email, celular) VALUES(13, 'Ivan Klinkovich', 'ivanklinjovich@mail.com', '998734465');
INSERT INTO Cliente (ID_cliente, nombre_completo, email, celular) VALUES(14, 'Sebastian Ramos', 'sebastianramos@mail.com', '994885632');
INSERT INTO Cliente (ID_cliente, nombre_completo, email, celular) VALUES(15, 'Fernando Rhor', 'fernandorhor@mail.com', '987121343');
INSERT INTO Cliente (ID_cliente, nombre_completo, email, celular) VALUES(16, 'Eduardo Landa', 'eduardolanda@mail.com', '988726333');
INSERT INTO Cliente (ID_cliente, nombre_completo, email, celular) VALUES(17, 'Franco Sanchez', 'francosanchez@mail.com', '993242554');
INSERT INTO Cliente (ID_cliente, nombre_completo, email, celular) VALUES(18, 'Renzo Casas', 'renzocasas@mail.com', '998787263');
INSERT INTO Cliente (ID_cliente, nombre_completo, email, celular) VALUES(19, 'Rafael Dellafredad', 'rafaeldellafredad@mail.com', '987122635');
INSERT INTO Cliente (ID_cliente, nombre_completo, email, celular) VALUES(20, 'Alex Guerrero', 'alexguerrero@mail.com', '999121765');

/* Ejemplos de direcciones */
INSERT INTO Direccion(ID_direccion, direccion, referencias, id_distrito, id_cliente) VALUES(1, 'Av. Las Leyendas 264 Dpto. 701', 'Al frente de Metro de La Marina', 36, 1);
INSERT INTO Direccion(ID_direccion, direccion, referencias, id_distrito, id_cliente) VALUES(2, 'Av. Victor Andres Belaunde 147, Via Real 133, Edificio Real Dos', 'Edifico de colores', 31, 1);
INSERT INTO Direccion(ID_direccion, direccion, referencias, id_distrito, id_cliente) VALUES(3, 'Av. Pezet 1310 Dpto. 301', 'Al frente del Golf Club', 31, 2);
INSERT INTO Direccion(ID_direccion, direccion, referencias, id_distrito, id_cliente) VALUES(4, 'Av. Benavides 2210 Oficina 201', 'A 3 cuadras de Paseo de la República', 21, 3);
INSERT INTO Direccion(ID_direccion, direccion, referencias, id_distrito, id_cliente) VALUES(5, 'Av. San Felipe 1701 Dpto. 503', 'A 2 cuadras del Canal 2', 13, 4);
INSERT INTO Direccion(ID_direccion, direccion, referencias, id_distrito, id_cliente) VALUES(6, 'Av. Jose Pardo 201 Dpto. 303', 'A 2 cuadras del óvalo de Av. Ejercito', 21, 5);
INSERT INTO Direccion(ID_direccion, direccion, referencias, id_distrito, id_cliente) VALUES(7, 'Jr. Trujillo 717 Dpto. 501', 'Al frente del parque Leoncio Prado', 20, 6);
INSERT INTO Direccion(ID_direccion, direccion, referencias, id_distrito, id_cliente) VALUES(8, 'Av. Jorge Basadre 120 Oficina 301', 'Entre Javier Prado y Av. Arequipa', 31, 6);
INSERT INTO Direccion(ID_direccion, direccion, referencias, id_distrito, id_cliente) VALUES(9, '', '', , 6);
INSERT INTO Direccion(ID_direccion, direccion, referencias, id_distrito, id_cliente) VALUES(10, '', '', , 7);
INSERT INTO Direccion(ID_direccion, direccion, referencias, id_distrito, id_cliente) VALUES(11, 'Av. Brasil 3999', 'A 3 cuadras de La Marina', 20, 8);
INSERT INTO Direccion(ID_direccion, direccion, referencias, id_distrito, id_cliente) VALUES(12, '', '', , 9);
INSERT INTO Direccion(ID_direccion, direccion, referencias, id_distrito, id_cliente) VALUES(13, '', '', , 10);
INSERT INTO Direccion(ID_direccion, direccion, referencias, id_distrito, id_cliente) VALUES(14, 'Av. República de Panamá 3400 Oficina 301', 'Edificio ubicado en el Centro Financiero', 31, 10);
INSERT INTO Direccion(ID_direccion, direccion, referencias, id_distrito, id_cliente) VALUES(15, 'Jr. Castilla 241 Dpto. 202', 'A 1 cuadra del malecón de Magadalena', 20, 11);
INSERT INTO Direccion(ID_direccion, direccion, referencias, id_distrito, id_cliente) VALUES(16, '', '', , 11);
INSERT INTO Direccion(ID_direccion, direccion, referencias, id_distrito, id_cliente) VALUES(17, '', '', , 12);
INSERT INTO Direccion(ID_direccion, direccion, referencias, id_distrito, id_cliente) VALUES(18, '', '', , 13);
INSERT INTO Direccion(ID_direccion, direccion, referencias, id_distrito, id_cliente) VALUES(19, '', '', , 14);
INSERT INTO Direccion(ID_direccion, direccion, referencias, id_distrito, id_cliente) VALUES(20, '', '', , 15);
INSERT INTO Direccion(ID_direccion, direccion, referencias, id_distrito, id_cliente) VALUES(21, 'Av. Circunvalación del Golf ', '', , 15);
INSERT INTO Direccion(ID_direccion, direccion, referencias, id_distrito, id_cliente) VALUES(22, '', '', , 16);
INSERT INTO Direccion(ID_direccion, direccion, referencias, id_distrito, id_cliente) VALUES(23, '', '', , 16);
INSERT INTO Direccion(ID_direccion, direccion, referencias, id_distrito, id_cliente) VALUES(24, '', '', , 17);
INSERT INTO Direccion(ID_direccion, direccion, referencias, id_distrito, id_cliente) VALUES(25, 'Av. Javier Prado Este 611 Oficina 1501', 'Edicio de 24 pisos en Javier Prado', 31, 17);
INSERT INTO Direccion(ID_direccion, direccion, referencias, id_distrito, id_cliente) VALUES(26, '', '', , 18);
INSERT INTO Direccion(ID_direccion, direccion, referencias, id_distrito, id_cliente) VALUES(27, '', '', , 18);
INSERT INTO Direccion(ID_direccion, direccion, referencias, id_distrito, id_cliente) VALUES(28, '', '', , 18);
INSERT INTO Direccion(ID_direccion, direccion, referencias, id_distrito, id_cliente) VALUES(29, '', '', , 19);
INSERT INTO Direccion(ID_direccion, direccion, referencias, id_distrito, id_cliente) VALUES(30, 'Caminos del Inca 240 Oficina 1001', '', , 19);
INSERT INTO Direccion(ID_direccion, direccion, referencias, id_distrito, id_cliente) VALUES(31, '', '', , 20);
INSERT INTO Direccion(ID_direccion, direccion, referencias, id_distrito, id_cliente) VALUES(32, 'Calle El Boulevard 141 Oficina 701', 'Edifico Blu Building en El Polo', 40, 20);

/* Ejemplo de trabajdores */
INSERT INTO Trabajador(ID_trabajador, dni, nombres, apellidos, contacto_de_emergencia) VALUES(1, '29506272', 'Maritza', 'Soria', 'Julissa Soria (Hermana) 932 837 433');
INSERT INTO Trabajador(ID_trabajador, dni, nombres, apellidos, contacto_de_emergencia) VALUES(2, '20526343', 'Alejandra', 'Valera', 'Pia ');
INSERT INTO Trabajador(ID_trabajador, dni, nombres, apellidos, contacto_de_emergencia) VALUES(3, '01987266', 'Emma', 'Rodriguez', '');
INSERT INTO Trabajador(ID_trabajador, dni, nombres, apellidos, contacto_de_emergencia) VALUES(4, '01229867', 'Nelly', 'Arellano', '');
INSERT INTO Trabajador(ID_trabajador, dni, nombres, apellidos, contacto_de_emergencia) VALUES(5, '29304353', 'Maria Paola', 'Delgado', '');

/* Ejemplo de proveedores */
INSERT INTO Proveedor(ID_proveedor, RUC, razon_social, email, celular) VALUES(1, '11726354546', 'Distribuidora de productos de limpieza del Peru S.A.C.', 'ventas@productosdelimpieza.pe', '987262534');
INSERT INTO Proveedor(ID_proveedor, RUC, razon_social, email, celular) VALUES(2, '11265353461', 'Distribuidora de químicos en lima E.I.R.L.', 'ventas@quimicoslima.pe', '997625353');
INSERT INTO Proveedor(ID_proveedor, RUC, razon_social, email, celular) VALUES(3, '11298351261', 'Distribuidora de químicos en lima E.I.R.L.', 'ventas@quimicoslima.pe', '997625353');
INSERT INTO Proveedor(ID_proveedor, RUC, razon_social, email, celular) VALUES(4, '19765353345', 'Distribuidora de químicos en lima E.I.R.L.', 'ventas@quimicoslima.pe', '997625353');
INSERT INTO Proveedor(ID_proveedor, RUC, razon_social, email, celular) VALUES(5, '11345983461', 'Distribuidora de químicos en lima E.I.R.L.', 'ventas@quimicoslima.pe', '997625353');

/* Ejemplo de productos */
INSERT INTO Producto(ID_producto, nombre, presentacion, stock_disponible, precio_de_venta) VALUES (1, 'Limpiador polvo y brillo', '300 ml', 5, 46.9);
INSERT INTO Producto(ID_producto, nombre, presentacion, stock_disponible, precio_de_venta) VALUES (2, '25 Bolsas de Basura Negras', 'unidad', 10, 46.9);
INSERT INTO Producto(ID_producto, nombre, presentacion, stock_disponible, precio_de_venta) VALUES (3, 'Limpiador de tapicería Saca Manchas', 'Frasco 300ml', 15, 37.60);
INSERT INTO Producto(ID_producto, nombre, presentacion, stock_disponible, precio_de_venta) VALUES (4, 'Detergente Líquido con Jabón Natural', 'Envase 5L', 14, 37.60);
INSERT INTO Producto(ID_producto, nombre, presentacion, stock_disponible, precio_de_venta) VALUES (5, 'Detergente Líquido con Aloe Vera', 'Envase 5L', 20, 33.70);
INSERT INTO Producto(ID_producto, nombre, presentacion, stock_disponible, precio_de_venta) VALUES (6, 'Detergente Bebé', 'Envase 2L', 22, 33.70);
INSERT INTO Producto(ID_producto, nombre, presentacion, stock_disponible, precio_de_venta) VALUES (7, 'Detergente Jabón Natural', 'Envase 2L', 10, 36.5);
INSERT INTO Producto(ID_producto, nombre, presentacion, stock_disponible, precio_de_venta) VALUES (8, 'Detergente Líquido Wash', 'Envase 2L', 25, 36.5);
INSERT INTO Producto(ID_producto, nombre, presentacion, stock_disponible, precio_de_venta) VALUES (9, 'Detergente en polvo', 'Envase 2kg', 20, 47.90);
INSERT INTO Producto(ID_producto, nombre, presentacion, stock_disponible, precio_de_venta) VALUES (10, 'Detergente en polvo', 'Envase 4kg', 30, 35.90);
INSERT INTO Producto(ID_producto, nombre, presentacion, stock_disponible, precio_de_venta) VALUES (11, 'Detergente en polvo', 'Envase 5.8kg', 5, 47.90);
INSERT INTO Producto(ID_producto, nombre, presentacion, stock_disponible, precio_de_venta) VALUES (12, 'Detergente en polvo con un toque de Downy', 'Envase 4kg', 30, 40.90);
INSERT INTO Producto(ID_producto, nombre, presentacion, stock_disponible, precio_de_venta) VALUES (13, 'Detergente en polvo Ultra Blanqueador', 'Envase 4kg', 15, 40.90);
INSERT INTO Producto(ID_producto, nombre, presentacion, stock_disponible, precio_de_venta) VALUES (14, 'Detergente en polvo con perlas limpiadoras', 'Envase 2kg', 10, 22.90);
INSERT INTO Producto(ID_producto, nombre, presentacion, stock_disponible, precio_de_venta) VALUES (15, 'Detergente en polvo con un toque de Downy', 'Envase 2kg', 15, 21.50);
INSERT INTO Producto(ID_producto, nombre, presentacion, stock_disponible, precio_de_venta) VALUES (16, 'Detergente líquido concentrado', 'Envase 1200ml', 10, 25.90;
INSERT INTO Producto(ID_producto, nombre, presentacion, stock_disponible, precio_de_venta) VALUES (17, 'Detergente líquido concentrado', 'Envase 2L', 5, 43.90);
INSERT INTO Producto(ID_producto, nombre, presentacion, stock_disponible, precio_de_venta) VALUES (18, 'Detergente en Polvo Aroma Floral', 'Envase 4.5kg', 1, 37.00);
INSERT INTO Producto(ID_producto, nombre, presentacion, stock_disponible, precio_de_venta) VALUES (19, 'Quitamanchas líquido', 'Frasco 850ml', 11, 6.9);
INSERT INTO Producto(ID_producto, nombre, presentacion, stock_disponible, precio_de_venta) VALUES (20, 'Suavizante Tela Aroma Floral', 'Botella 5L', 20, 36.50);
INSERT INTO Producto(ID_producto, nombre, presentacion, stock_disponible, precio_de_venta) VALUES (21, 'Limpiador Líquido Baños', 'Envase 450ml', 17, 6.7);
INSERT INTO Producto(ID_producto, nombre, presentacion, stock_disponible, precio_de_venta) VALUES (22, 'Limpiardor Líquido Baños Antihongos', 'Envase 450ml', 15, 7.7);
INSERT INTO Producto(ID_producto, nombre, presentacion, stock_disponible, precio_de_venta) VALUES (23, 'Limpiador Líquido Baños Cocina Antibacterial', 'Envase 500ml', 18, 15.8);
INSERT INTO Producto(ID_producto, nombre, presentacion, stock_disponible, precio_de_venta) VALUES (24, 'Limpiador Crema Original con Macropartículas', 'Envase 375g', 10, 6.20);
INSERT INTO Producto(ID_producto, nombre, presentacion, stock_disponible, precio_de_venta) VALUES (25, 'Limpiador Líquido Antigrasa Superficies', 'Envase 500ml', 10, 12.5);
INSERT INTO Producto(ID_producto, nombre, presentacion, stock_disponible, precio_de_venta) VALUES (26, 'Limpiador líquido vidrios y superficies delicadas', 'Envase 500ml', 20, 6.6);
INSERT INTO Producto(ID_producto, nombre, presentacion, stock_disponible, precio_de_venta) VALUES (27, 'Desinfectante para baños', 'Frasco 500ml', 5, 14.5);
INSERT INTO Producto(ID_producto, nombre, presentacion, stock_disponible, precio_de_venta) VALUES (28, 'Protector Pisos de Madera', 'Frasco 700ml', 5, 26.9);
INSERT INTO Producto(ID_producto, nombre, presentacion, stock_disponible, precio_de_venta) VALUES (29, 'Limpiador para pantalla LCD y plasma', 'Frasco 240ml', 10, 17.9);
INSERT INTO Producto(ID_producto, nombre, presentacion, stock_disponible, precio_de_venta) VALUES (30, 'Limpiador para alfombras', 'Frasco 600ml', 10, 23.5);
INSERT INTO Producto(ID_producto, nombre, presentacion, stock_disponible, precio_de_venta) VALUES (31, 'Lejía Aroma Lavanda', 'Envase 2L', 25, 5.2);
INSERT INTO Producto(ID_producto, nombre, presentacion, stock_disponible, precio_de_venta) VALUES (32, 'Lejía Aroma Limón', 'Envase 2L', 15, 5.2);
INSERT INTO Producto(ID_producto, nombre, presentacion, stock_disponible, precio_de_venta) VALUES (33, 'Lejía Tradicional', 'Envase 4L', 5, 7.9);
INSERT INTO Producto(ID_producto, nombre, presentacion, stock_disponible, precio_de_venta) VALUES (34, 'Lejía Aroma Bebé', 'Envase 2L', 0, 5.2);
INSERT INTO Producto(ID_producto, nombre, presentacion, stock_disponible, precio_de_venta) VALUES (35, 'Limpia Inodoro', 'Frasco 500ml', 10, 8.5);
INSERT INTO Producto(ID_producto, nombre, presentacion, stock_disponible, precio_de_venta) VALUES (36, 'Paño absorbente', 'Paquete 8 unidades', 20, 12.1);
INSERT INTO Producto(ID_producto, nombre, presentacion, stock_disponible, precio_de_venta) VALUES (37, 'Guantes multiusos', 'Unidad', 15, 5.0);
INSERT INTO Producto(ID_producto, nombre, presentacion, stock_disponible, precio_de_venta) VALUES (38, 'Esponja 2 en 1', 'Pack 1 unidad', 5, 5.5);
INSERT INTO Producto(ID_producto, nombre, presentacion, stock_disponible, precio_de_venta) VALUES (39, 'Toallitas húmedas desinfectantes limón', 'Frasco 35 unidades', 10, 17.8);
INSERT INTO Producto(ID_producto, nombre, presentacion, stock_disponible, precio_de_venta) VALUES (40, '', '', 0, );
INSERT INTO Producto(ID_producto, nombre, presentacion, stock_disponible, precio_de_venta) VALUES (41, '', '', 0, );
INSERT INTO Producto(ID_producto, nombre, presentacion, stock_disponible, precio_de_venta) VALUES (42, '', '', 0, );
INSERT INTO Producto(ID_producto, nombre, presentacion, stock_disponible, precio_de_venta) VALUES (43, '', '', 0, );
INSERT INTO Producto(ID_producto, nombre, presentacion, stock_disponible, precio_de_venta) VALUES (44, '', '', 0, );
INSERT INTO Producto(ID_producto, nombre, presentacion, stock_disponible, precio_de_venta) VALUES (45, '', '', 0, );
INSERT INTO Producto(ID_producto, nombre, presentacion, stock_disponible, precio_de_venta) VALUES (46, '', '', 0, );
INSERT INTO Producto(ID_producto, nombre, presentacion, stock_disponible, precio_de_venta) VALUES (47, '', '', 0, );
INSERT INTO Producto(ID_producto, nombre, presentacion, stock_disponible, precio_de_venta) VALUES (48, '', '', 0, );
INSERT INTO Producto(ID_producto, nombre, presentacion, stock_disponible, precio_de_venta) VALUES (49, '', '', 0, );
INSERT INTO Producto(ID_producto, nombre, presentacion, stock_disponible, precio_de_venta) VALUES (50, '', '', 0, );
INSERT INTO Producto(ID_producto, nombre, presentacion, stock_disponible, precio_de_venta) VALUES (51, '', '', 0, );
INSERT INTO Producto(ID_producto, nombre, presentacion, stock_disponible, precio_de_venta) VALUES (52, '', '', 0, );
INSERT INTO Producto(ID_producto, nombre, presentacion, stock_disponible, precio_de_venta) VALUES (53, '', '', 0, );
INSERT INTO Producto(ID_producto, nombre, presentacion, stock_disponible, precio_de_venta) VALUES (54, '', '', 0, );
INSERT INTO Producto(ID_producto, nombre, presentacion, stock_disponible, precio_de_venta) VALUES (55, '', '', 0, );


INSERT INTO Proveedor_por_producto(ID_proveedor_por_producto, ID_proveedor, ID_producto) VALUES(1, 1, 1);
INSERT INTO Proveedor_por_producto(ID_proveedor_por_producto, ID_proveedor, ID_producto) VALUES(2, 1, 2);
INSERT INTO Proveedor_por_producto(ID_proveedor_por_producto, ID_proveedor, ID_producto) VALUES(3, 1, 3);
INSERT INTO Proveedor_por_producto(ID_proveedor_por_producto, ID_proveedor, ID_producto) VALUES(4, 1, 4);
INSERT INTO Proveedor_por_producto(ID_proveedor_por_producto, ID_proveedor, ID_producto) VALUES(5, 1, 5);
INSERT INTO Proveedor_por_producto(ID_proveedor_por_producto, ID_proveedor, ID_producto) VALUES(6, 1, 6);
INSERT INTO Proveedor_por_producto(ID_proveedor_por_producto, ID_proveedor, ID_producto) VALUES(7, 1, 7);
INSERT INTO Proveedor_por_producto(ID_proveedor_por_producto, ID_proveedor, ID_producto) VALUES(8, 1, 8);
INSERT INTO Proveedor_por_producto(ID_proveedor_por_producto, ID_proveedor, ID_producto) VALUES(9, 1, 9);
INSERT INTO Proveedor_por_producto(ID_proveedor_por_producto, ID_proveedor, ID_producto) VALUES(10, 1, 10);
INSERT INTO Proveedor_por_producto(ID_proveedor_por_producto, ID_proveedor, ID_producto) VALUES(11, 1, 11);
INSERT INTO Proveedor_por_producto(ID_proveedor_por_producto, ID_proveedor, ID_producto) VALUES(12, 1, 12);
INSERT INTO Proveedor_por_producto(ID_proveedor_por_producto, ID_proveedor, ID_producto) VALUES(13, 1, 13);
INSERT INTO Proveedor_por_producto(ID_proveedor_por_producto, ID_proveedor, ID_producto) VALUES(14, 1, 14);
INSERT INTO Proveedor_por_producto(ID_proveedor_por_producto, ID_proveedor, ID_producto) VALUES(15, 1, 15);
INSERT INTO Proveedor_por_producto(ID_proveedor_por_producto, ID_proveedor, ID_producto) VALUES(16, 2, 1);
INSERT INTO Proveedor_por_producto(ID_proveedor_por_producto, ID_proveedor, ID_producto) VALUES(17, 2, 3);
INSERT INTO Proveedor_por_producto(ID_proveedor_por_producto, ID_proveedor, ID_producto) VALUES(18, 2, 5);
INSERT INTO Proveedor_por_producto(ID_proveedor_por_producto, ID_proveedor, ID_producto) VALUES(19, 2, 7);
INSERT INTO Proveedor_por_producto(ID_proveedor_por_producto, ID_proveedor, ID_producto) VALUES(20, 2, 8);
INSERT INTO Proveedor_por_producto(ID_proveedor_por_producto, ID_proveedor, ID_producto) VALUES(21, 2, 9);
INSERT INTO Proveedor_por_producto(ID_proveedor_por_producto, ID_proveedor, ID_producto) VALUES(22, 2, 10);
INSERT INTO Proveedor_por_producto(ID_proveedor_por_producto, ID_proveedor, ID_producto) VALUES(23, 2, 13);
INSERT INTO Proveedor_por_producto(ID_proveedor_por_producto, ID_proveedor, ID_producto) VALUES(24, 2, 14);
INSERT INTO Proveedor_por_producto(ID_proveedor_por_producto, ID_proveedor, ID_producto) VALUES(25, 2, 15);
INSERT INTO Proveedor_por_producto(ID_proveedor_por_producto, ID_proveedor, ID_producto) VALUES(26, 3, 1);
INSERT INTO Proveedor_por_producto(ID_proveedor_por_producto, ID_proveedor, ID_producto) VALUES(27, 3, 2);
INSERT INTO Proveedor_por_producto(ID_proveedor_por_producto, ID_proveedor, ID_producto) VALUES(28, 3, 3);
INSERT INTO Proveedor_por_producto(ID_proveedor_por_producto, ID_proveedor, ID_producto) VALUES(29, 3, 4);
INSERT INTO Proveedor_por_producto(ID_proveedor_por_producto, ID_proveedor, ID_producto) VALUES(30, 3, 5);
INSERT INTO Proveedor_por_producto(ID_proveedor_por_producto, ID_proveedor, ID_producto) VALUES(31, 3, 6);
INSERT INTO Proveedor_por_producto(ID_proveedor_por_producto, ID_proveedor, ID_producto) VALUES(32, 3, 7);
INSERT INTO Proveedor_por_producto(ID_proveedor_por_producto, ID_proveedor, ID_producto) VALUES(33, 3, 8);
INSERT INTO Proveedor_por_producto(ID_proveedor_por_producto, ID_proveedor, ID_producto) VALUES(34, 4, 9);
INSERT INTO Proveedor_por_producto(ID_proveedor_por_producto, ID_proveedor, ID_producto) VALUES(35, 4, 10);
INSERT INTO Proveedor_por_producto(ID_proveedor_por_producto, ID_proveedor, ID_producto) VALUES(36, 4, 11);
INSERT INTO Proveedor_por_producto(ID_proveedor_por_producto, ID_proveedor, ID_producto) VALUES(37, 4, 12);
INSERT INTO Proveedor_por_producto(ID_proveedor_por_producto, ID_proveedor, ID_producto) VALUES(38, 4, 13);
INSERT INTO Proveedor_por_producto(ID_proveedor_por_producto, ID_proveedor, ID_producto) VALUES(39, 4, 14);
INSERT INTO Proveedor_por_producto(ID_proveedor_por_producto, ID_proveedor, ID_producto) VALUES(40, 4, 15);
INSERT INTO Proveedor_por_producto(ID_proveedor_por_producto, ID_proveedor, ID_producto) VALUES(41, 4, 17);
INSERT INTO Proveedor_por_producto(ID_proveedor_por_producto, ID_proveedor, ID_producto) VALUES(42, 5, 3);
INSERT INTO Proveedor_por_producto(ID_proveedor_por_producto, ID_proveedor, ID_producto) VALUES(43, 5, 5);
INSERT INTO Proveedor_por_producto(ID_proveedor_por_producto, ID_proveedor, ID_producto) VALUES(44, 5, 7);
INSERT INTO Proveedor_por_producto(ID_proveedor_por_producto, ID_proveedor, ID_producto) VALUES(45, 5, 8);
INSERT INTO Proveedor_por_producto(ID_proveedor_por_producto, ID_proveedor, ID_producto) VALUES(46, 5, 9);
INSERT INTO Proveedor_por_producto(ID_proveedor_por_producto, ID_proveedor, ID_producto) VALUES(47, 5, 10);
INSERT INTO Proveedor_por_producto(ID_proveedor_por_producto, ID_proveedor, ID_producto) VALUES(48, 5, 13);
INSERT INTO Proveedor_por_producto(ID_proveedor_por_producto, ID_proveedor, ID_producto) VALUES(49, 5, 14);
INSERT INTO Proveedor_por_producto(ID_proveedor_por_producto, ID_proveedor, ID_producto) VALUES(50, 5, 15);

/* Ejemplos de solicitudes */
INSERT INTO Solicitud(ID_solicitud, fecha_y_hora_de_solicitud, ID_cliente) VALUES(1, '2019-01-01 11:55:00.000', 1);
INSERT INTO Solicitud(ID_solicitud, fecha_y_hora_de_solicitud, ID_cliente) VALUES(2, '2019-01-03 11:45:10.000', 2);
INSERT INTO Solicitud(ID_solicitud, fecha_y_hora_de_solicitud, ID_cliente) VALUES(3, '2019-01-04 10:55:00.000', 3);
INSERT INTO Solicitud(ID_solicitud, fecha_y_hora_de_solicitud, ID_cliente) VALUES(4, '2019-01-04 09:20:00.000', 4);
INSERT INTO Solicitud(ID_solicitud, fecha_y_hora_de_solicitud, ID_cliente) VALUES(5, '2019-01-07 09:45:00.000', 5);
INSERT INTO Solicitud(ID_solicitud, fecha_y_hora_de_solicitud, ID_cliente) VALUES(6, '2019-01-11 09:30:00.000', 6);
INSERT INTO Solicitud(ID_solicitud, fecha_y_hora_de_solicitud, ID_cliente) VALUES(7, '2019-01-13 11:45:00.000', 7);
INSERT INTO Solicitud(ID_solicitud, fecha_y_hora_de_solicitud, ID_cliente) VALUES(8, '2019-01-18 11:30:00.000', 1);
INSERT INTO Solicitud(ID_solicitud, fecha_y_hora_de_solicitud, ID_cliente) VALUES(9, '2019-01-19 11:20:00.000', 2);
INSERT INTO Solicitud(ID_solicitud, fecha_y_hora_de_solicitud, ID_cliente) VALUES(10, '2019-02-01 13:30:00.000', 3);
INSERT INTO Solicitud(ID_solicitud, fecha_y_hora_de_solicitud, ID_cliente) VALUES(11, '2019-02-02 10:55:00.000', 8);
INSERT INTO Solicitud(ID_solicitud, fecha_y_hora_de_solicitud, ID_cliente) VALUES(12, '2019-02-02 11:55:00.000', 9);
INSERT INTO Solicitud(ID_solicitud, fecha_y_hora_de_solicitud, ID_cliente) VALUES(13, '2019-02-07 13:20:00.000', 10);
INSERT INTO Solicitud(ID_solicitud, fecha_y_hora_de_solicitud, ID_cliente) VALUES(14, '2019-02-09 11:30:00.000', 11);
INSERT INTO Solicitud(ID_solicitud, fecha_y_hora_de_solicitud, ID_cliente) VALUES(15, '2019-02-11 12:55:00.000', 12);
INSERT INTO Solicitud(ID_solicitud, fecha_y_hora_de_solicitud, ID_cliente) VALUES(16, '2019-02-12 10:30:00.000', 13);
INSERT INTO Solicitud(ID_solicitud, fecha_y_hora_de_solicitud, ID_cliente) VALUES(17, '2019-02-20 11:20:00.000', 14);
INSERT INTO Solicitud(ID_solicitud, fecha_y_hora_de_solicitud, ID_cliente) VALUES(18, '2019-03-01 13:45:00.000', 15);
INSERT INTO Solicitud(ID_solicitud, fecha_y_hora_de_solicitud, ID_cliente) VALUES(19, '2019-03-03 11:55:00.000', 16);
INSERT INTO Solicitud(ID_solicitud, fecha_y_hora_de_solicitud, ID_cliente) VALUES(20, '2019-03-05 12:30:00.000', 11);
INSERT INTO Solicitud(ID_solicitud, fecha_y_hora_de_solicitud, ID_cliente) VALUES(21, '2019-03-09 12:45:00.000', 12);
INSERT INTO Solicitud(ID_solicitud, fecha_y_hora_de_solicitud, ID_cliente) VALUES(22, '2019-03-10 11:30:00.000', 6);
INSERT INTO Solicitud(ID_solicitud, fecha_y_hora_de_solicitud, ID_cliente) VALUES(23, '2019-03-11 11:30:00.000', 7);
INSERT INTO Solicitud(ID_solicitud, fecha_y_hora_de_solicitud, ID_cliente) VALUES(24, '2019-03-15 13:55:00.000', 8);
INSERT INTO Solicitud(ID_solicitud, fecha_y_hora_de_solicitud, ID_cliente) VALUES(25, '2019-03-18 11:45:00.000', 9);
INSERT INTO Solicitud(ID_solicitud, fecha_y_hora_de_solicitud, ID_cliente) VALUES(26, '2019-03-20 11:20:00.000', 1);
INSERT INTO Solicitud(ID_solicitud, fecha_y_hora_de_solicitud, ID_cliente) VALUES(27, '2019-03-21 10:55:00.000', 5);
INSERT INTO Solicitud(ID_solicitud, fecha_y_hora_de_solicitud, ID_cliente) VALUES(28, '2019-03-22 10:30:00.000', 4);
INSERT INTO Solicitud(ID_solicitud, fecha_y_hora_de_solicitud, ID_cliente) VALUES(29, '2019-03-22 10:30:00.000', 8);
INSERT INTO Solicitud(ID_solicitud, fecha_y_hora_de_solicitud, ID_cliente) VALUES(30, '2019-03-25 12:45:00.000', 11);
INSERT INTO Solicitud(ID_solicitud, fecha_y_hora_de_solicitud, ID_cliente) VALUES(31, '2019-03-28 11:45:00.000', 12);
INSERT INTO Solicitud(ID_solicitud, fecha_y_hora_de_solicitud, ID_cliente) VALUES(32, '2019-03-29 13:55:00.000', 11);
INSERT INTO Solicitud(ID_solicitud, fecha_y_hora_de_solicitud, ID_cliente) VALUES(33, '2019-03-30 15:30:00.000', 1);
INSERT INTO Solicitud(ID_solicitud, fecha_y_hora_de_solicitud, ID_cliente) VALUES(34, '2019-03-30 11:55:00.000', 4);
INSERT INTO Solicitud(ID_solicitud, fecha_y_hora_de_solicitud, ID_cliente) VALUES(35, '2019-03-31 11:20:00.000', 5);
INSERT INTO Solicitud(ID_solicitud, fecha_y_hora_de_solicitud, ID_cliente) VALUES(36, '2019-04-01 13:30:00.000', 3);
INSERT INTO Solicitud(ID_solicitud, fecha_y_hora_de_solicitud, ID_cliente) VALUES(37, '2019-04-03 11:30:00.000', 13);
INSERT INTO Solicitud(ID_solicitud, fecha_y_hora_de_solicitud, ID_cliente) VALUES(38, '2019-04-03 11:55:00.000', 15);
INSERT INTO Solicitud(ID_solicitud, fecha_y_hora_de_solicitud, ID_cliente) VALUES(39, '2019-04-04 10:30:00.000', 17);
INSERT INTO Solicitud(ID_solicitud, fecha_y_hora_de_solicitud, ID_cliente) VALUES(40, '2019-04-05 10:15:00.000', 10);
INSERT INTO Solicitud(ID_solicitud, fecha_y_hora_de_solicitud, ID_cliente) VALUES(41, '2019-04-06 10:45:00.000', 11);
INSERT INTO Solicitud(ID_solicitud, fecha_y_hora_de_solicitud, ID_cliente) VALUES(42, '2019-04-09 12:55:00.000', 18);
INSERT INTO Solicitud(ID_solicitud, fecha_y_hora_de_solicitud, ID_cliente) VALUES(43, '2019-04-10 11:30:00.000', 19);
INSERT INTO Solicitud(ID_solicitud, fecha_y_hora_de_solicitud, ID_cliente) VALUES(44, '2019-04-11 15:20:00.000', 9);
INSERT INTO Solicitud(ID_solicitud, fecha_y_hora_de_solicitud, ID_cliente) VALUES(45, '2019-04-11 13:45:00.000', 6);
INSERT INTO Solicitud(ID_solicitud, fecha_y_hora_de_solicitud, ID_cliente) VALUES(46, '2019-04-14 11:15:00.000', 7);
INSERT INTO Solicitud(ID_solicitud, fecha_y_hora_de_solicitud, ID_cliente) VALUES(47, '2019-04-15 10:15:00.000', 8);
INSERT INTO Solicitud(ID_solicitud, fecha_y_hora_de_solicitud, ID_cliente) VALUES(48, '2019-04-17 10:30:00.000', 5);
INSERT INTO Solicitud(ID_solicitud, fecha_y_hora_de_solicitud, ID_cliente) VALUES(49, '2019-04-18 11:30:00.000', 4);
INSERT INTO Solicitud(ID_solicitud, fecha_y_hora_de_solicitud, ID_cliente) VALUES(50, '2019-04-18 11:45:00.000', 3);
INSERT INTO Solicitud(ID_solicitud, fecha_y_hora_de_solicitud, ID_cliente) VALUES(51, '2019-04-20 12:45:00.000', 1);
INSERT INTO Solicitud(ID_solicitud, fecha_y_hora_de_solicitud, ID_cliente) VALUES(52, '2019-04-21 10:55:00.000', 10);
INSERT INTO Solicitud(ID_solicitud, fecha_y_hora_de_solicitud, ID_cliente) VALUES(53, '2019-04-22 13:20:00.000', 11);
INSERT INTO Solicitud(ID_solicitud, fecha_y_hora_de_solicitud, ID_cliente) VALUES(54, '2019-04-24 13:30:00.000', 12);
INSERT INTO Solicitud(ID_solicitud, fecha_y_hora_de_solicitud, ID_cliente) VALUES(55, '2019-04-25 11:30:00.000', 2);
INSERT INTO Solicitud(ID_solicitud, fecha_y_hora_de_solicitud, ID_cliente) VALUES(56, '2019-04-26 11:30:00.000', 17);
INSERT INTO Solicitud(ID_solicitud, fecha_y_hora_de_solicitud, ID_cliente) VALUES(57, '2019-04-27 11:55:00.000', 16);
INSERT INTO Solicitud(ID_solicitud, fecha_y_hora_de_solicitud, ID_cliente) VALUES(58, '2019-04-27 11:30:00.000', 18);
INSERT INTO Solicitud(ID_solicitud, fecha_y_hora_de_solicitud, ID_cliente) VALUES(59, '2019-04-28 15:30:00.000', 4);
INSERT INTO Solicitud(ID_solicitud, fecha_y_hora_de_solicitud, ID_cliente) VALUES(60, '2019-04-28 13:30:00.000', 3);
INSERT INTO Solicitud(ID_solicitud, fecha_y_hora_de_solicitud, ID_cliente) VALUES(61, '2019-04-29 12:15:00.000', 6);
INSERT INTO Solicitud(ID_solicitud, fecha_y_hora_de_solicitud, ID_cliente) VALUES(62, '2019-04-30 10:20:00.000', 5);
INSERT INTO Solicitud(ID_solicitud, fecha_y_hora_de_solicitud, ID_cliente) VALUES(63, '2019-04-30 11:05:00.000', 15);
INSERT INTO Solicitud(ID_solicitud, fecha_y_hora_de_solicitud, ID_cliente) VALUES(64, '2019-04-31 11:55:00.000', 14);
INSERT INTO Solicitud(ID_solicitud, fecha_y_hora_de_solicitud, ID_cliente) VALUES(65, '2019-04-31 13:30:00.000', 13);
INSERT INTO Solicitud(ID_solicitud, fecha_y_hora_de_solicitud, ID_cliente) VALUES(66, '2019-04-31 10:30:00.000', 20);
INSERT INTO Solicitud(ID_solicitud, fecha_y_hora_de_solicitud, ID_cliente) VALUES(67, '2019-04-31 10:05:00.000', 1);
INSERT INTO Solicitud(ID_solicitud, fecha_y_hora_de_solicitud, ID_cliente) VALUES(68, '2019-05-01 11:15:00.000', 7);
INSERT INTO Solicitud(ID_solicitud, fecha_y_hora_de_solicitud, ID_cliente) VALUES(69, '2019-05-01 12:30:00.000', 8);
INSERT INTO Solicitud(ID_solicitud, fecha_y_hora_de_solicitud, ID_cliente) VALUES(70, '2019-05-02 11:55:00.000', 9);
INSERT INTO Solicitud(ID_solicitud, fecha_y_hora_de_solicitud, ID_cliente) VALUES(71, '2019-05-03 12:15:00.000', 11);
INSERT INTO Solicitud(ID_solicitud, fecha_y_hora_de_solicitud, ID_cliente) VALUES(72, '2019-05-03 11:30:00.000', 10);
INSERT INTO Solicitud(ID_solicitud, fecha_y_hora_de_solicitud, ID_cliente) VALUES(73, '2019-05-04 12:05:00.000', 17);
INSERT INTO Solicitud(ID_solicitud, fecha_y_hora_de_solicitud, ID_cliente) VALUES(74, '2019-05-06 10:30:00.000', 18);
INSERT INTO Solicitud(ID_solicitud, fecha_y_hora_de_solicitud, ID_cliente) VALUES(75, '2019-05-06 10:30:00.000', 19);
INSERT INTO Solicitud(ID_solicitud, fecha_y_hora_de_solicitud, ID_cliente) VALUES(76, '2019-05-07 13:30:00.000', 2);
INSERT INTO Solicitud(ID_solicitud, fecha_y_hora_de_solicitud, ID_cliente) VALUES(77, '2019-05-08 11:05:00.000', 3);
INSERT INTO Solicitud(ID_solicitud, fecha_y_hora_de_solicitud, ID_cliente) VALUES(78, '2019-05-09 11:30:00.000', 15);
INSERT INTO Solicitud(ID_solicitud, fecha_y_hora_de_solicitud, ID_cliente) VALUES(79, '2019-05-09 12:30:00.000', 11);
INSERT INTO Solicitud(ID_solicitud, fecha_y_hora_de_solicitud, ID_cliente) VALUES(80, '2019-05-11 10:30:00.000', 12);
INSERT INTO Solicitud(ID_solicitud, fecha_y_hora_de_solicitud, ID_cliente) VALUES(81, '2019-05-13 10:30:00.000', 10);
INSERT INTO Solicitud(ID_solicitud, fecha_y_hora_de_solicitud, ID_cliente) VALUES(82, '2019-05-14 11:30:00.000', 1);
INSERT INTO Solicitud(ID_solicitud, fecha_y_hora_de_solicitud, ID_cliente) VALUES(83, '2019-05-14 08:30:00.000', 20);
INSERT INTO Solicitud(ID_solicitud, fecha_y_hora_de_solicitud, ID_cliente) VALUES(84, '2019-05-15 08:15:00.000', 5);
INSERT INTO Solicitud(ID_solicitud, fecha_y_hora_de_solicitud, ID_cliente) VALUES(85, '2019-05-16 13:30:00.000', 2);
INSERT INTO Solicitud(ID_solicitud, fecha_y_hora_de_solicitud, ID_cliente) VALUES(86, '2019-05-16 08:30:00.000', 14);
INSERT INTO Solicitud(ID_solicitud, fecha_y_hora_de_solicitud, ID_cliente) VALUES(87, '2019-05-17 13:30:00.000', 17);
INSERT INTO Solicitud(ID_solicitud, fecha_y_hora_de_solicitud, ID_cliente) VALUES(88, '2019-05-17 11:30:00.000', );
INSERT INTO Solicitud(ID_solicitud, fecha_y_hora_de_solicitud, ID_cliente) VALUES(89, '2019-05-19 08:30:00.000', );
INSERT INTO Solicitud(ID_solicitud, fecha_y_hora_de_solicitud, ID_cliente) VALUES(90, '2019-05-19 08:30:00.000', );
INSERT INTO Solicitud(ID_solicitud, fecha_y_hora_de_solicitud, ID_cliente) VALUES(91, '2019-05-20 11:30:00.000', );
INSERT INTO Solicitud(ID_solicitud, fecha_y_hora_de_solicitud, ID_cliente) VALUES(92, '2019-05-21 13:30:00.000', );
INSERT INTO Solicitud(ID_solicitud, fecha_y_hora_de_solicitud, ID_cliente) VALUES(93, '2019-05-24 08:30:00.000', );
INSERT INTO Solicitud(ID_solicitud, fecha_y_hora_de_solicitud, ID_cliente) VALUES(94, '2019-05-25 10:15:00.000', );
INSERT INTO Solicitud(ID_solicitud, fecha_y_hora_de_solicitud, ID_cliente) VALUES(95, '2019-05-27 10:30:00.000', );
INSERT INTO Solicitud(ID_solicitud, fecha_y_hora_de_solicitud, ID_cliente) VALUES(96, '2019-05-27 08:30:00.000', );
INSERT INTO Solicitud(ID_solicitud, fecha_y_hora_de_solicitud, ID_cliente) VALUES(97, '2019-05-28 13:30:00.000', );
INSERT INTO Solicitud(ID_solicitud, fecha_y_hora_de_solicitud, ID_cliente) VALUES(98, '2019-05-29 10:30:00.000', );
INSERT INTO Solicitud(ID_solicitud, fecha_y_hora_de_solicitud, ID_cliente) VALUES(99, '2019-05-30 08:30:00.000', );
INSERT INTO Solicitud(ID_solicitud, fecha_y_hora_de_solicitud, ID_cliente) VALUES(100, '2019-05-30 11:15:00.000', );

/* Ejemplos de servicios */
INSERT INTO Servicio VALUES(1, '2019-01-02 00:00:00.000', '09:00:00.000', 5, '', 65, 15, 50, 100, 1, 1, 3);
INSERT INTO Servicio VALUES(2, '2019-01-02 00:00:00.000', '09:00:00.000', 5, '', 65, 15, 50, 100, 1, 1, 2);
INSERT INTO Servicio VALUES(3, '2019-01-02 00:00:00.000', '09:30:00.000', 5, '', 65, 15, 50, 100, 1, 1, 3);
INSERT INTO Servicio VALUES(4, '2019-01-02 00:00:00.000', '09:30:00.000', 5, '', 65, 15, 50, 100, 1, 1, 3);
INSERT INTO Servicio VALUES(5, '2019-01-02 00:00:00.000', '09:30:00.000', 5, '', 65, 15, 50, 100, 1, 1, 3);
INSERT INTO Servicio VALUES(6, '2019-01-02 00:00:00.000', '09:30:00.000', 5, '', 65, 15, 50, 100, 1, 1, 3);
INSERT INTO Servicio VALUES(7, '2019-01-02 00:00:00.000', '09:30:00.000', 5, '', 65, 15, 50, 100, 1, 1, 3);
INSERT INTO Servicio VALUES(8, '2019-01-02 00:00:00.000', '09:30:00.000', 5, '', 65, 15, 50, 100, 1, 1, 3);
INSERT INTO Servicio VALUES(9, '2019-01-02 00:00:00.000', '09:30:00.000', 5, '', 65, 15, 50, 100, 1, 1, 3);
INSERT INTO Servicio VALUES(10, '2019-01-02 00:00:00.000', '09:30:00.000', 5, '', 65, 15, 50, 100, 1, 1, 3);
INSERT INTO Servicio VALUES(11, '2019-01-02 00:00:00.000', '09:30:00.000', 5, '', 65, 15, 50, 100, 1, 1, 3);
INSERT INTO Servicio VALUES(12, '2019-01-02 00:00:00.000', '09:30:00.000', 5, '', 65, 15, 50, 100, 1, 1, 3);
INSERT INTO Servicio VALUES(13, '2019-01-02 00:00:00.000', '09:30:00.000', 5, '', 65, 15, 50, 100, 1, 1, 3);
INSERT INTO Servicio VALUES(14, '2019-01-02 00:00:00.000', '09:30:00.000', 5, '', 65, 15, 50, 100, 1, 1, 3);
INSERT INTO Servicio VALUES(15, '2019-01-02 00:00:00.000', '09:30:00.000', 5, '', 65, 15, 50, 100, 1, 1, 3);
INSERT INTO Servicio VALUES(16, '2019-01-02 00:00:00.000', '09:30:00.000', 5, '', 65, 15, 50, 100, 1, 1, 3);
INSERT INTO Servicio VALUES(17, '2019-01-02 00:00:00.000', '09:30:00.000', 5, '', 65, 15, 50, 100, 1, 1, 3);
INSERT INTO Servicio VALUES(18, '2019-01-02 00:00:00.000', '09:30:00.000', 5, '', 65, 15, 50, 100, 1, 1, 3);
INSERT INTO Servicio VALUES(19, '2019-01-02 00:00:00.000', '09:30:00.000', 5, '', 65, 15, 50, 100, 1, 1, 3);
INSERT INTO Servicio VALUES(20, '2019-01-02 00:00:00.000', '09:30:00.000', 5, '', 65, 15, 50, 100, 1, 1, 3);
INSERT INTO Servicio VALUES(21, '2019-01-02 00:00:00.000', '09:30:00.000', 5, '', 65, 15, 50, 100, 1, 1, 3);
INSERT INTO Servicio VALUES(22, '2019-01-02 00:00:00.000', '09:30:00.000', 5, '', 65, 15, 50, 100, 1, 1, 3);
INSERT INTO Servicio VALUES(23, '2019-01-02 00:00:00.000', '09:30:00.000', 5, "", 65, 15, 50, 100, 1, 1, 3);
INSERT INTO Servicio VALUES(24, '2019-01-02 00:00:00.000', '09:30:00.000', 5, "", 65, 15, 50, 100, 1, 1, 3);
INSERT INTO Servicio VALUES(25, '2019-01-02 00:00:00.000', '09:30:00.000', 5, "", 65, 15, 50, 100, 1, 1, 3);
INSERT INTO Servicio VALUES(26, '2019-01-02 00:00:00.000', '09:30:00.000', 5, "", 65, 15, 50, 100, 1, 1, 3);
INSERT INTO Servicio VALUES(27, '2019-01-02 00:00:00.000', '09:30:00.000', 5, "", 65, 15, 50, 100, 1, 1, 3);
INSERT INTO Servicio VALUES(28, '2019-01-02 00:00:00.000', '09:30:00.000', 5, "", 65, 15, 50, 100, 1, 1, 3);
INSERT INTO Servicio VALUES(29, '2019-01-02 00:00:00.000', '09:30:00.000', 5, "", 65, 15, 50, 100, 1, 1, 3);
INSERT INTO Servicio VALUES(30, '2019-01-02 00:00:00.000', '09:30:00.000', 5, "", 65, 15, 50, 100, 1, 1, 3);
INSERT INTO Servicio VALUES(31, '2019-01-02 00:00:00.000', '09:30:00.000', 5, "", 65, 15, 50, 100, 1, 1, 3);
INSERT INTO Servicio VALUES(32, '2019-01-02 00:00:00.000', '09:30:00.000', 5, "", 65, 15, 50, 100, 1, 1, 3);
INSERT INTO Servicio VALUES(33, '2019-01-02 00:00:00.000', '09:30:00.000', 5, "", 65, 15, 50, 100, 1, 1, 3);
INSERT INTO Servicio VALUES(34, '2019-01-02 00:00:00.000', '09:30:00.000', 5, "", 65, 15, 50, 100, 1, 1, 3);
INSERT INTO Servicio VALUES(35, '2019-01-02 00:00:00.000', '09:30:00.000', 5, "", 65, 15, 50, 100, 1, 1, 3);
INSERT INTO Servicio VALUES(36, '2019-01-02 00:00:00.000', '09:30:00.000', 5, "", 65, 15, 50, 100, 1, 1, 3);
INSERT INTO Servicio VALUES(37, '2019-01-02 00:00:00.000', '09:30:00.000', 5, "", 65, 15, 50, 100, 1, 1, 3);
INSERT INTO Servicio VALUES(38, '2019-01-02 00:00:00.000', '09:30:00.000', 5, "", 65, 15, 50, 100, 1, 1, 3);
INSERT INTO Servicio VALUES(39, '2019-01-02 00:00:00.000', '09:30:00.000', 5, "", 65, 15, 50, 100, 1, 1, 3);
INSERT INTO Servicio VALUES(40, '2019-01-02 00:00:00.000', '09:30:00.000', 5, "", 65, 15, 50, 100, 1, 1, 3);
INSERT INTO Servicio VALUES(41, '2019-01-02 00:00:00.000', '09:30:00.000', 5, "", 65, 15, 50, 100, 1, 1, 3);
INSERT INTO Servicio VALUES(42, '2019-01-02 00:00:00.000', '09:30:00.000', 5, "", 65, 15, 50, 100, 1, 1, 3);
INSERT INTO Servicio VALUES(43, '2019-01-02 00:00:00.000', '09:30:00.000', 5, "", 65, 15, 50, 100, 1, 1, 3);
INSERT INTO Servicio VALUES(44, '2019-01-02 00:00:00.000', '09:30:00.000', 5, "", 65, 15, 50, 100, 1, 1, 3);
INSERT INTO Servicio VALUES(45, '2019-01-02 00:00:00.000', '09:30:00.000', 5, "", 65, 15, 50, 100, 1, 1, 3);
INSERT INTO Servicio VALUES(46, '2019-01-02 00:00:00.000', '09:30:00.000', 5, "", 65, 15, 50, 100, 1, 1, 3);
INSERT INTO Servicio VALUES(47, '2019-01-02 00:00:00.000', '09:30:00.000', 5, "", 65, 15, 50, 100, 1, 1, 3);
INSERT INTO Servicio VALUES(48, '2019-01-02 00:00:00.000', '09:30:00.000', 5, "", 65, 15, 50, 100, 1, 1, 3);
INSERT INTO Servicio VALUES(49, '2019-01-02 00:00:00.000', '09:30:00.000', 5, "", 65, 15, 50, 100, 1, 1, 3);
INSERT INTO Servicio VALUES(50, '2019-01-02 00:00:00.000', '09:30:00.000', 5, "", 65, 15, 50, 100, 1, 1, 3);
INSERT INTO Servicio VALUES(51, '2019-01-02 00:00:00.000', '09:30:00.000', 5, "", 65, 15, 50, 100, 1, 1, 3);
INSERT INTO Servicio VALUES(52, '2019-01-02 00:00:00.000', '09:30:00.000', 5, "", 65, 15, 50, 100, 1, 1, 3);
INSERT INTO Servicio VALUES(53, '2019-01-02 00:00:00.000', '09:30:00.000', 5, "", 65, 15, 50, 100, 1, 1, 3);
INSERT INTO Servicio VALUES(54, '2019-01-02 00:00:00.000', '09:30:00.000', 5, "", 65, 15, 50, 100, 1, 1, 3);
INSERT INTO Servicio VALUES(55, '2019-01-02 00:00:00.000', '09:30:00.000', 5, "", 65, 15, 50, 100, 1, 1, 3);
INSERT INTO Servicio VALUES(56, '2019-01-02 00:00:00.000', '09:30:00.000', 5, "", 65, 15, 50, 100, 1, 1, 3);
INSERT INTO Servicio VALUES(57, '2019-01-02 00:00:00.000', '09:30:00.000', 5, "", 65, 15, 50, 100, 1, 1, 3);
INSERT INTO Servicio VALUES(58, '2019-01-02 00:00:00.000', '09:30:00.000', 5, "", 65, 15, 50, 100, 1, 1, 3);
INSERT INTO Servicio VALUES(59, '2019-01-02 00:00:00.000', '09:30:00.000', 5, "", 65, 15, 50, 100, 1, 1, 3);
INSERT INTO Servicio VALUES(1, '2019-01-02 00:00:00.000', '09:30:00.000', 5, "", 65, 15, 50, 100, 1, 1, 3);
INSERT INTO Servicio VALUES(1, '2019-01-02 00:00:00.000', '09:30:00.000', 5, "", 65, 15, 50, 100, 1, 1, 3);
INSERT INTO Servicio VALUES(1, '2019-01-02 00:00:00.000', '09:30:00.000', 5, "", 65, 15, 50, 100, 1, 1, 3);
INSERT INTO Servicio VALUES(1, '2019-01-02 00:00:00.000', '09:30:00.000', 5, "", 65, 15, 50, 100, 1, 1, 3);
INSERT INTO Servicio VALUES(1, '2019-01-02 00:00:00.000', '09:30:00.000', 5, "", 65, 15, 50, 100, 1, 1, 3);
INSERT INTO Servicio VALUES(1, '2019-01-02 00:00:00.000', '09:30:00.000', 5, "", 65, 15, 50, 100, 1, 1, 3);
INSERT INTO Servicio VALUES(1, '2019-01-02 00:00:00.000', '09:30:00.000', 5, "", 65, 15, 50, 100, 1, 1, 3);
INSERT INTO Servicio VALUES(1, '2019-01-02 00:00:00.000', '09:30:00.000', 5, "", 65, 15, 50, 100, 1, 1, 3);
INSERT INTO Servicio VALUES(1, '2019-01-02 00:00:00.000', '09:30:00.000', 5, "", 65, 15, 50, 100, 1, 1, 3);
INSERT INTO Servicio VALUES(1, '2019-01-02 00:00:00.000', '09:30:00.000', 5, "", 65, 15, 50, 100, 1, 1, 3);
INSERT INTO Servicio VALUES(1, '2019-01-02 00:00:00.000', '09:30:00.000', 5, "", 65, 15, 50, 100, 1, 1, 3);
INSERT INTO Servicio VALUES(1, '2019-01-02 00:00:00.000', '09:30:00.000', 5, "", 65, 15, 50, 100, 1, 1, 3);
INSERT INTO Servicio VALUES(1, '2019-01-02 00:00:00.000', '09:30:00.000', 5, "", 65, 15, 50, 100, 1, 1, 3);
INSERT INTO Servicio VALUES(1, '2019-01-02 00:00:00.000', '09:30:00.000', 5, "", 65, 15, 50, 100, 1, 1, 3);
INSERT INTO Servicio VALUES(1, '2019-01-02 00:00:00.000', '09:30:00.000', 5, "", 65, 15, 50, 100, 1, 1, 3);
INSERT INTO Servicio VALUES(1, '2019-01-02 00:00:00.000', '09:30:00.000', 5, "", 65, 15, 50, 100, 1, 1, 3);
INSERT INTO Servicio VALUES(1, '2019-01-02 00:00:00.000', '09:30:00.000', 5, "", 65, 15, 50, 100, 1, 1, 3);
INSERT INTO Servicio VALUES(1, '2019-01-02 00:00:00.000', '09:30:00.000', 5, "", 65, 15, 50, 100, 1, 1, 3);
INSERT INTO Servicio VALUES(1, '2019-01-02 00:00:00.000', '09:30:00.000', 5, "", 65, 15, 50, 100, 1, 1, 3);
INSERT INTO Servicio VALUES(1, '2019-01-02 00:00:00.000', '09:30:00.000', 5, "", 65, 15, 50, 100, 1, 1, 3);
INSERT INTO Servicio VALUES(1, '2019-01-02 00:00:00.000', '09:30:00.000', 5, "", 65, 15, 50, 100, 1, 1, 3);
INSERT INTO Servicio VALUES(1, '2019-01-02 00:00:00.000', '09:30:00.000', 5, "", 65, 15, 50, 100, 1, 1, 3);
INSERT INTO Servicio VALUES(1, '2019-01-02 00:00:00.000', '09:30:00.000', 5, "", 65, 15, 50, 100, 1, 1, 3);
INSERT INTO Servicio VALUES(1, '2019-01-02 00:00:00.000', '09:30:00.000', 5, "", 65, 15, 50, 100, 1, 1, 3);
INSERT INTO Servicio VALUES(1, '2019-01-02 00:00:00.000', '09:30:00.000', 5, "", 65, 15, 50, 100, 1, 1, 3);
INSERT INTO Servicio VALUES(1, '2019-01-02 00:00:00.000', '09:30:00.000', 5, "", 65, 15, 50, 100, 1, 1, 3);
INSERT INTO Servicio VALUES(1, '2019-01-02 00:00:00.000', '09:30:00.000', 5, "", 65, 15, 50, 100, 1, 1, 3);
INSERT INTO Servicio VALUES(1, '2019-01-02 00:00:00.000', '09:30:00.000', 5, "", 65, 15, 50, 100, 1, 1, 3);
INSERT INTO Servicio VALUES(1, '2019-01-02 00:00:00.000', '09:30:00.000', 5, "", 65, 15, 50, 100, 1, 1, 3);
INSERT INTO Servicio VALUES(1, '2019-01-02 00:00:00.000', '09:30:00.000', 5, "", 65, 15, 50, 100, 1, 1, 3);
INSERT INTO Servicio VALUES(1, '2019-01-02 00:00:00.000', '09:30:00.000', 5, "", 65, 15, 50, 100, 1, 1, 3);
INSERT INTO Servicio VALUES(1, '2019-01-02 00:00:00.000', '09:30:00.000', 5, "", 65, 15, 50, 100, 1, 1, 3);
INSERT INTO Servicio VALUES(1, '2019-01-02 00:00:00.000', '09:30:00.000', 5, "", 65, 15, 50, 100, 1, 1, 3);
INSERT INTO Servicio VALUES(1, '2019-01-02 00:00:00.000', '09:30:00.000', 5, "", 65, 15, 50, 100, 1, 1, 3);
INSERT INTO Servicio VALUES(1, '2019-01-02 00:00:00.000', '09:30:00.000', 5, "", 65, 15, 50, 100, 1, 1, 3);
INSERT INTO Servicio VALUES(1, '2019-01-02 00:00:00.000', '09:30:00.000', 5, "", 65, 15, 50, 100, 1, 1, 3);
INSERT INTO Servicio VALUES(1, '2019-01-02 00:00:00.000', '09:30:00.000', 5, "", 65, 15, 50, 100, 1, 1, 3);
INSERT INTO Servicio VALUES(1, '2019-01-02 00:00:00.000', '09:30:00.000', 5, "", 65, 15, 50, 100, 1, 1, 3);
INSERT INTO Servicio VALUES(1, '2019-01-02 00:00:00.000', '09:30:00.000', 5, "", 65, 15, 50, 100, 1, 1, 3);
INSERT INTO Servicio VALUES(1, '2019-01-02 00:00:00.000', '09:30:00.000', 5, "", 65, 15, 50, 100, 1, 1, 3);
INSERT INTO Servicio VALUES(1, '2019-01-02 00:00:00.000', '09:30:00.000', 5, "", 65, 15, 50, 100, 1, 1, 3);
INSERT INTO Servicio VALUES(1, '2019-01-02 00:00:00.000', '09:30:00.000', 5, "", 65, 15, 50, 100, 1, 1, 3);
INSERT INTO Servicio VALUES(1, '2019-01-02 00:00:00.000', '09:30:00.000', 5, "", 65, 15, 50, 100, 1, 1, 3);
INSERT INTO Servicio VALUES(1, '2019-01-02 00:00:00.000', '09:30:00.000', 5, "", 65, 15, 50, 100, 1, 1, 3);
INSERT INTO Servicio VALUES(1, '2019-01-02 00:00:00.000', '09:30:00.000', 5, "", 65, 15, 50, 100, 1, 1, 3);
INSERT INTO Servicio VALUES(1, '2019-01-02 00:00:00.000', '09:30:00.000', 5, "", 65, 15, 50, 100, 1, 1, 3);
INSERT INTO Servicio VALUES(1, '2019-01-02 00:00:00.000', '09:30:00.000', 5, "", 65, 15, 50, 100, 1, 1, 3);
INSERT INTO Servicio VALUES(1, '2019-01-02 00:00:00.000', '09:30:00.000', 5, "", 65, 15, 50, 100, 1, 1, 3);
INSERT INTO Servicio VALUES(1, '2019-01-02 00:00:00.000', '09:30:00.000', 5, "", 65, 15, 50, 100, 1, 1, 3);
INSERT INTO Servicio VALUES(1, '2019-01-02 00:00:00.000', '09:30:00.000', 5, "", 65, 15, 50, 100, 1, 1, 3);
INSERT INTO Servicio VALUES(1, '2019-01-02 00:00:00.000', '09:30:00.000', 5, "", 65, 15, 50, 100, 1, 1, 3);

INSERT INTO Calificacion_de_servicio(ID_calificacion, nivel_de_calificacion, ID_servicio) VALUES(1, , , );
INSERT INTO Calificacion_de_servicio(ID_calificacion, nivel_de_calificacion, ID_servicio) VALUES(2, , , );
INSERT INTO Calificacion_de_servicio(ID_calificacion, nivel_de_calificacion, ID_servicio) VALUES(3, , , );
INSERT INTO Calificacion_de_servicio(ID_calificacion, nivel_de_calificacion, ID_servicio) VALUES(4, , , );
INSERT INTO Calificacion_de_servicio(ID_calificacion, nivel_de_calificacion, ID_servicio) VALUES(5, , , );
INSERT INTO Calificacion_de_servicio(ID_calificacion, nivel_de_calificacion, ID_servicio) VALUES(6, , , );
INSERT INTO Calificacion_de_servicio(ID_calificacion, nivel_de_calificacion, ID_servicio) VALUES(7, , , );
INSERT INTO Calificacion_de_servicio(ID_calificacion, nivel_de_calificacion, comentario, ID_servicio) VALUES(8, , '', );
INSERT INTO Calificacion_de_servicio(ID_calificacion, nivel_de_calificacion, ID_servicio) VALUES(9, , , );
INSERT INTO Calificacion_de_servicio(ID_calificacion, nivel_de_calificacion, ID_servicio) VALUES(10, , , );
INSERT INTO Calificacion_de_servicio(ID_calificacion, nivel_de_calificacion, ID_servicio) VALUES(11, , , );
INSERT INTO Calificacion_de_servicio(ID_calificacion, nivel_de_calificacion, comentario, ID_servicio) VALUES(12, , '', );
INSERT INTO Calificacion_de_servicio(ID_calificacion, nivel_de_calificacion, ID_servicio) VALUES(13, , , );
INSERT INTO Calificacion_de_servicio(ID_calificacion, nivel_de_calificacion, ID_servicio) VALUES(14, , , );
INSERT INTO Calificacion_de_servicio(ID_calificacion, nivel_de_calificacion, ID_servicio) VALUES(15, , , );
INSERT INTO Calificacion_de_servicio(ID_calificacion, nivel_de_calificacion, ID_servicio) VALUES(16, , , );
INSERT INTO Calificacion_de_servicio(ID_calificacion, nivel_de_calificacion, ID_servicio) VALUES(17, , , );
INSERT INTO Calificacion_de_servicio(ID_calificacion, nivel_de_calificacion, ID_servicio) VALUES(18, , , );
INSERT INTO Calificacion_de_servicio(ID_calificacion, nivel_de_calificacion, ID_servicio) VALUES(19, , , );
INSERT INTO Calificacion_de_servicio(ID_calificacion, nivel_de_calificacion, ID_servicio) VALUES(20, , , );
INSERT INTO Calificacion_de_servicio(ID_calificacion, nivel_de_calificacion, comentario, ID_servicio) VALUES(21, , '', );
INSERT INTO Calificacion_de_servicio(ID_calificacion, nivel_de_calificacion, ID_servicio) VALUES(22, , , );
INSERT INTO Calificacion_de_servicio(ID_calificacion, nivel_de_calificacion, ID_servicio) VALUES(23, , , );
INSERT INTO Calificacion_de_servicio(ID_calificacion, nivel_de_calificacion, ID_servicio) VALUES(24, , , );
INSERT INTO Calificacion_de_servicio(ID_calificacion, nivel_de_calificacion, ID_servicio) VALUES(25, , , );
INSERT INTO Calificacion_de_servicio(ID_calificacion, nivel_de_calificacion, ID_servicio) VALUES(26, , , );
INSERT INTO Calificacion_de_servicio(ID_calificacion, nivel_de_calificacion, ID_servicio) VALUES(27, , , );
INSERT INTO Calificacion_de_servicio(ID_calificacion, nivel_de_calificacion, comentario, ID_servicio) VALUES(28, , '', );
INSERT INTO Calificacion_de_servicio(ID_calificacion, nivel_de_calificacion, ID_servicio) VALUES(29, , , );
INSERT INTO Calificacion_de_servicio(ID_calificacion, nivel_de_calificacion, comentario, ID_servicio) VALUES(, , '', );
INSERT INTO Calificacion_de_servicio(ID_calificacion, nivel_de_calificacion, ID_servicio) VALUES(, , , );
INSERT INTO Calificacion_de_servicio(ID_calificacion, nivel_de_calificacion, ID_servicio) VALUES(, , , );
INSERT INTO Calificacion_de_servicio(ID_calificacion, nivel_de_calificacion, ID_servicio) VALUES(, , , );
INSERT INTO Calificacion_de_servicio(ID_calificacion, nivel_de_calificacion, ID_servicio) VALUES(, , , );
INSERT INTO Calificacion_de_servicio(ID_calificacion, nivel_de_calificacion, comentario, ID_servicio) VALUES(, , '', );
INSERT INTO Calificacion_de_servicio(ID_calificacion, nivel_de_calificacion, ID_servicio) VALUES(, , , );
INSERT INTO Calificacion_de_servicio(ID_calificacion, nivel_de_calificacion, ID_servicio) VALUES(, , , );
INSERT INTO Calificacion_de_servicio(ID_calificacion, nivel_de_calificacion, ID_servicio) VALUES(, , , );
INSERT INTO Calificacion_de_servicio(ID_calificacion, nivel_de_calificacion, ID_servicio) VALUES(, , , );
INSERT INTO Calificacion_de_servicio(ID_calificacion, nivel_de_calificacion, ID_servicio) VALUES(, , , );
INSERT INTO Calificacion_de_servicio(ID_calificacion, nivel_de_calificacion, comentario, ID_servicio) VALUES(, , '', );
INSERT INTO Calificacion_de_servicio(ID_calificacion, nivel_de_calificacion, ID_servicio) VALUES(, , , );
INSERT INTO Calificacion_de_servicio(ID_calificacion, nivel_de_calificacion, ID_servicio) VALUES(, , , );
INSERT INTO Calificacion_de_servicio(ID_calificacion, nivel_de_calificacion, ID_servicio) VALUES(, , , );
INSERT INTO Calificacion_de_servicio(ID_calificacion, nivel_de_calificacion, ID_servicio) VALUES(, , , );
INSERT INTO Calificacion_de_servicio(ID_calificacion, nivel_de_calificacion, ID_servicio) VALUES(, , , );
